orig_image,mask_image
images\ch10_20221228193446_20221228203446@003888.bmp,masks\ch10_20221228193446_20221228203446@003888.bmp
images\ch10_20221228193446_20221228203446@012407.bmp,masks\ch10_20221228193446_20221228203446@012407.bmp
images\ch10_20221228193446_20221228203446@017962.bmp,masks\ch10_20221228193446_20221228203446@017962.bmp
images\ch10_20221228193446_20221228203446@019259.bmp,masks\ch10_20221228193446_20221228203446@019259.bmp
images\ch10_20221228193446_20221228203446@025539.bmp,masks\ch10_20221228193446_20221228203446@025539.bmp
images\ch10_20221228193446_20221228203446@034984.bmp,masks\ch10_20221228193446_20221228203446@034984.bmp
images\ch10_20221228193446_20221228203446@042592.bmp,masks\ch10_20221228193446_20221228203446@042592.bmp
images\ch10_20221228193446_20221228203446@062962.bmp,masks\ch10_20221228193446_20221228203446@062962.bmp
images\ch10_20221228193446_20221228203446@065184.bmp,masks\ch10_20221228193446_20221228203446@065184.bmp
images\ch10_20221228193446_20221228203446@075011.bmp,masks\ch10_20221228193446_20221228203446@075011.bmp
images\ch10_20221228193446_20221228203446@080554.bmp,masks\ch10_20221228193446_20221228203446@080554.bmp
images\ch10_20221228193446_20221228203446@097035.bmp,masks\ch10_20221228193446_20221228203446@097035.bmp
images\ch10_20221228193446_20221228203446@106844.bmp,masks\ch10_20221228193446_20221228203446@106844.bmp
images\ch10_20221228193446_20221228203446@129439.bmp,masks\ch10_20221228193446_20221228203446@129439.bmp
images\ch10_20221228193446_20221228203446@141665.bmp,masks\ch10_20221228193446_20221228203446@141665.bmp
images\ch10_20221228193446_20221228203446@155183.bmp,masks\ch10_20221228193446_20221228203446@155183.bmp
images\ch10_20221228193446_20221228203446@162405.bmp,masks\ch10_20221228193446_20221228203446@162405.bmp
images\ch10_20221229163446_20221229173446_@005740.bmp,masks\ch10_20221229163446_20221229173446_@005740.bmp
images\ch10_20221229163446_20221229173446_@009721.bmp,masks\ch10_20221229163446_20221229173446_@009721.bmp
images\ch10_20221229163446_20221229173446_@009907.bmp,masks\ch10_20221229163446_20221229173446_@009907.bmp
images\ch10_20221229163446_20221229173446_@010647.bmp,masks\ch10_20221229163446_20221229173446_@010647.bmp
images\ch10_20221229163446_20221229173446_@012221.bmp,masks\ch10_20221229163446_20221229173446_@012221.bmp
images\ch10_20221229163446_20221229173446_@027036.bmp,masks\ch10_20221229163446_20221229173446_@027036.bmp
images\ch10_20221229163446_20221229173446_@043424.bmp,masks\ch10_20221229163446_20221229173446_@043424.bmp
images\ch10_20221229163446_20221229173446_@069349.bmp,masks\ch10_20221229163446_20221229173446_@069349.bmp
images\ch10_20221229163446_20221229173446_@076571.bmp,masks\ch10_20221229163446_20221229173446_@076571.bmp
images\ch10_20221229163446_20221229173446_@076660.bmp,masks\ch10_20221229163446_20221229173446_@076660.bmp
images\ch10_20221229163446_20221229173446_@080089.bmp,masks\ch10_20221229163446_20221229173446_@080089.bmp
images\ch10_20221229163446_20221229173446_@087682.bmp,masks\ch10_20221229163446_20221229173446_@087682.bmp
images\ch10_20221229163446_20221229173446_@088145.bmp,masks\ch10_20221229163446_20221229173446_@088145.bmp
images\ch10_20221229173446_20221229183446@009190.bmp,masks\ch10_20221229173446_20221229183446@009190.bmp
images\ch10_20221229173446_20221229183446@009352.bmp,masks\ch10_20221229173446_20221229183446@009352.bmp
images\ch10_20221229173446_20221229183446@009606.bmp,masks\ch10_20221229173446_20221229183446@009606.bmp
images\ch10_20221229173446_20221229183446@009885.bmp,masks\ch10_20221229173446_20221229183446@009885.bmp
images\ch10_20221229173446_20221229183446@010288.bmp,masks\ch10_20221229173446_20221229183446@010288.bmp
images\ch10_20221229173446_20221229183446@011261.bmp,masks\ch10_20221229173446_20221229183446@011261.bmp
images\ch10_20221229173446_20221229183446@013316.bmp,masks\ch10_20221229173446_20221229183446@013316.bmp
images\ch10_20221229173446_20221229183446@017884.bmp,masks\ch10_20221229173446_20221229183446@017884.bmp
images\ch10_20221229173446_20221229183446@018489.bmp,masks\ch10_20221229173446_20221229183446@018489.bmp
images\ch10_20230228192817_20230228202817@004728.bmp,masks\ch10_20230228192817_20230228202817@004728.bmp
images\ch10_20230228192817_20230228202817@005657.bmp,masks\ch10_20230228192817_20230228202817@005657.bmp
images\ch10_20230228192817_20230228202817@009259.bmp,masks\ch10_20230228192817_20230228202817@009259.bmp
images\ch10_20230228192817_20230228202817@021296.bmp,masks\ch10_20230228192817_20230228202817@021296.bmp
images\ch10_20230228192817_20230228202817@022314.bmp,masks\ch10_20230228192817_20230228202817@022314.bmp
images\ch10_20230228192817_20230228202817@022870.bmp,masks\ch10_20230228192817_20230228202817@022870.bmp
images\ch10_20230228192817_20230228202817@023797.bmp,masks\ch10_20230228192817_20230228202817@023797.bmp
images\ch10_20230228192817_20230228202817@023981.bmp,masks\ch10_20230228192817_20230228202817@023981.bmp
images\ch10_20230228192817_20230228202817@024907.bmp,masks\ch10_20230228192817_20230228202817@024907.bmp
images\ch10_20230228192817_20230228202817@030831.bmp,masks\ch10_20230228192817_20230228202817@030831.bmp
images\ch10_20230228192817_20230228202817@053795.bmp,masks\ch10_20230228192817_20230228202817@053795.bmp
images\ch10_20230228192817_20230228202817@056666.bmp,masks\ch10_20230228192817_20230228202817@056666.bmp
images\ch10_20230228192817_20230228202817@063332.bmp,masks\ch10_20230228192817_20230228202817@063332.bmp
images\ch10_20230309202847_20230309212847@001388.bmp,masks\ch10_20230309202847_20230309212847@001388.bmp
images\ch10_20230309202847_20230309212847@001771.bmp,masks\ch10_20230309202847_20230309212847@001771.bmp
images\ch10_20230309202847_20230309212847@005662.bmp,masks\ch10_20230309202847_20230309212847@005662.bmp
images\ch10_20230309202847_20230309212847@008055.bmp,masks\ch10_20230309202847_20230309212847@008055.bmp
images\ch10_20230309202847_20230309212847@010833.bmp,masks\ch10_20230309202847_20230309212847@010833.bmp
images\ch10_20230309202847_20230309212847@017174.bmp,masks\ch10_20230309202847_20230309212847@017174.bmp
images\ch10_20230523180211_20230523190211@000555.bmp,masks\ch10_20230523180211_20230523190211@000555.bmp
images\ch10_20230523180211_20230523190211@004258.bmp,masks\ch10_20230523180211_20230523190211@004258.bmp
images\ch10_20230523180211_20230523190211@007405.bmp,masks\ch10_20230523180211_20230523190211@007405.bmp
images\ch10_20230523180211_20230523190211@031472.bmp,masks\ch10_20230523180211_20230523190211@031472.bmp
images\ch10_20230523180211_20230523190211@057390.bmp,masks\ch10_20230523180211_20230523190211@057390.bmp
images\ch11_20221228193446_20221228203446@013148.bmp,masks\ch11_20221228193446_20221228203446@013148.bmp
images\ch11_20221228193446_20221228203446@013703.bmp,masks\ch11_20221228193446_20221228203446@013703.bmp
images\ch11_20221228193446_20221228203446@017065.bmp,masks\ch11_20221228193446_20221228203446@017065.bmp
images\ch11_20221228193446_20221228203446@021851.bmp,masks\ch11_20221228193446_20221228203446@021851.bmp
images\ch11_20221228193446_20221228203446@045740.bmp,masks\ch11_20221228193446_20221228203446@045740.bmp
images\ch11_20221228193446_20221228203446@059438.bmp,masks\ch11_20221228193446_20221228203446@059438.bmp
images\ch11_20221228193446_20221228203446@072591.bmp,masks\ch11_20221228193446_20221228203446@072591.bmp
images\ch11_20221228193446_20221228203446@081850.bmp,masks\ch11_20221228193446_20221228203446@081850.bmp
images\ch11_20221228193446_20221228203446@089443.bmp,masks\ch11_20221228193446_20221228203446@089443.bmp
images\ch11_20221228193446_20221228203446@116850.bmp,masks\ch11_20221228193446_20221228203446@116850.bmp
images\ch11_20221228193446_20221228203446@146665.bmp,masks\ch11_20221228193446_20221228203446@146665.bmp
images\ch11_20221228193446_20221228203446@166294.bmp,masks\ch11_20221228193446_20221228203446@166294.bmp
images\ch11_20221228193446_20221228203446@167591.bmp,masks\ch11_20221228193446_20221228203446@167591.bmp
images\ch11_20221228193446_20221228203446@167964.bmp,masks\ch11_20221228193446_20221228203446@167964.bmp
images\ch11_20221228193446_20221228203446@170183.bmp,masks\ch11_20221228193446_20221228203446@170183.bmp
images\ch11_20221229123446_20221229133446_@002962.bmp,masks\ch11_20221229123446_20221229133446_@002962.bmp
images\ch11_20221229123446_20221229133446_@003887.bmp,masks\ch11_20221229123446_20221229133446_@003887.bmp
images\ch11_20221229123446_20221229133446_@004443.bmp,masks\ch11_20221229123446_20221229133446_@004443.bmp
images\ch11_20221229123446_20221229133446_@005091.bmp,masks\ch11_20221229123446_20221229133446_@005091.bmp
images\ch11_20221229123446_20221229133446_@013144.bmp,masks\ch11_20221229123446_20221229133446_@013144.bmp
images\ch11_20221229123446_20221229133446_@018420.bmp,masks\ch11_20221229123446_20221229133446_@018420.bmp
images\ch11_20221229123446_20221229133446_@024344.bmp,masks\ch11_20221229123446_20221229133446_@024344.bmp
images\ch11_20221229123446_20221229133446_@047762.bmp,masks\ch11_20221229123446_20221229133446_@047762.bmp
images\ch11_20221229123446_20221229133446_@061740.bmp,masks\ch11_20221229123446_20221229133446_@061740.bmp
images\ch11_20221229123446_20221229133446_@061925.bmp,masks\ch11_20221229123446_20221229133446_@061925.bmp
images\ch11_20221229123446_20221229133446_@069607.bmp,masks\ch11_20221229123446_20221229133446_@069607.bmp
images\ch11_20221229123446_20221229133446_@085991.bmp,masks\ch11_20221229123446_20221229133446_@085991.bmp
images\ch11_20230228192817_20230228202817@000036.bmp,masks\ch11_20230228192817_20230228202817@000036.bmp
images\ch11_20230228192817_20230228202817@001018.bmp,masks\ch11_20230228192817_20230228202817@001018.bmp
images\ch11_20230228192817_20230228202817@005101.bmp,masks\ch11_20230228192817_20230228202817@005101.bmp
images\ch11_20230228192817_20230228202817@005925.bmp,masks\ch11_20230228192817_20230228202817@005925.bmp
images\ch11_20230228192817_20230228202817@006481.bmp,masks\ch11_20230228192817_20230228202817@006481.bmp
images\ch11_20230228192817_20230228202817@007036.bmp,masks\ch11_20230228192817_20230228202817@007036.bmp
images\ch11_20230228192817_20230228202817@007222.bmp,masks\ch11_20230228192817_20230228202817@007222.bmp
images\ch11_20230228192817_20230228202817@007594.bmp,masks\ch11_20230228192817_20230228202817@007594.bmp
images\ch11_20230228192817_20230228202817@007870.bmp,masks\ch11_20230228192817_20230228202817@007870.bmp
images\ch11_20230228192817_20230228202817@010276.bmp,masks\ch11_20230228192817_20230228202817@010276.bmp
images\ch11_20230228192817_20230228202817@010556.bmp,masks\ch11_20230228192817_20230228202817@010556.bmp
images\ch11_20230228192817_20230228202817@010737.bmp,masks\ch11_20230228192817_20230228202817@010737.bmp
images\ch11_20230228192817_20230228202817@011669.bmp,masks\ch11_20230228192817_20230228202817@011669.bmp
images\ch11_20230228192817_20230228202817@011944.bmp,masks\ch11_20230228192817_20230228202817@011944.bmp
images\ch11_20230228192817_20230228202817@012592.bmp,masks\ch11_20230228192817_20230228202817@012592.bmp
images\ch11_20230228192817_20230228202817@013240.bmp,masks\ch11_20230228192817_20230228202817@013240.bmp
images\ch11_20230228192817_20230228202817@014814.bmp,masks\ch11_20230228192817_20230228202817@014814.bmp
images\ch11_20230228192817_20230228202817@015097.bmp,masks\ch11_20230228192817_20230228202817@015097.bmp
images\ch11_20230228192817_20230228202817@019444.bmp,masks\ch11_20230228192817_20230228202817@019444.bmp
images\ch11_20230228192817_20230228202817@021944.bmp,masks\ch11_20230228192817_20230228202817@021944.bmp
images\ch11_20230228192817_20230228202817@024073.bmp,masks\ch11_20230228192817_20230228202817@024073.bmp
images\ch11_20230228192817_20230228202817@028700.bmp,masks\ch11_20230228192817_20230228202817@028700.bmp
images\ch11_20230228192817_20230228202817@029444.bmp,masks\ch11_20230228192817_20230228202817@029444.bmp
images\ch11_20230228192817_20230228202817@030831.bmp,masks\ch11_20230228192817_20230228202817@030831.bmp
images\ch11_20230228192817_20230228202817@033055.bmp,masks\ch11_20230228192817_20230228202817@033055.bmp
images\ch11_20230228192817_20230228202817@049823.bmp,masks\ch11_20230228192817_20230228202817@049823.bmp
images\ch11_20230309202847_20230309212847@001596.bmp,masks\ch11_20230309202847_20230309212847@001596.bmp
images\ch11_20230309202847_20230309212847@001790.bmp,masks\ch11_20230309202847_20230309212847@001790.bmp
images\ch11_20230309202847_20230309212847@003706.bmp,masks\ch11_20230309202847_20230309212847@003706.bmp
images\ch11_20230309202847_20230309212847@006294.bmp,masks\ch11_20230309202847_20230309212847@006294.bmp
images\ch11_20230309202847_20230309212847@007960.bmp,masks\ch11_20230309202847_20230309212847@007960.bmp
images\ch11_20230309202847_20230309212847@008516.bmp,masks\ch11_20230309202847_20230309212847@008516.bmp
images\ch11_20230309202847_20230309212847@010182.bmp,masks\ch11_20230309202847_20230309212847@010182.bmp
images\ch11_20230309202847_20230309212847@011386.bmp,masks\ch11_20230309202847_20230309212847@011386.bmp
images\ch11_20230309202847_20230309212847@013538.bmp,masks\ch11_20230309202847_20230309212847@013538.bmp
images\ch11_20230309202847_20230309212847@014092.bmp,masks\ch11_20230309202847_20230309212847@014092.bmp
images\ch11_20230309202847_20230309212847@016939.bmp,masks\ch11_20230309202847_20230309212847@016939.bmp
images\ch11_20230309202847_20230309212847@023881.bmp,masks\ch11_20230309202847_20230309212847@023881.bmp
images\ch11_20230309202847_20230309212847@030565.bmp,masks\ch11_20230309202847_20230309212847@030565.bmp
images\ch11_20230523180211_20230523190211@001203.bmp,masks\ch11_20230523180211_20230523190211@001203.bmp
images\ch11_20230523180211_20230523190211@005831.bmp,masks\ch11_20230523180211_20230523190211@005831.bmp
images\ch11_20230523180211_20230523190211@005924.bmp,masks\ch11_20230523180211_20230523190211@005924.bmp
images\ch11_20230523180211_20230523190211@051306.bmp,masks\ch11_20230523180211_20230523190211@051306.bmp
images\ch11_20230523180211_20230523190211@051375.bmp,masks\ch11_20230523180211_20230523190211@051375.bmp
images\ch11_20230523180211_20230523190211@051502.bmp,masks\ch11_20230523180211_20230523190211@051502.bmp
images\ch11_20230523180211_20230523190211@051913.bmp,masks\ch11_20230523180211_20230523190211@051913.bmp
images\ch11_20230523180211_20230523190211@052296.bmp,masks\ch11_20230523180211_20230523190211@052296.bmp
images\ch11_20230523180211_20230523190211@060075.bmp,masks\ch11_20230523180211_20230523190211@060075.bmp
images\ch11_20230523180211_20230523190211@064236.bmp,masks\ch11_20230523180211_20230523190211@064236.bmp
images\ch11_20230523180211_20230523190211@064355.bmp,masks\ch11_20230523180211_20230523190211@064355.bmp
images\ch11_20230523180211_20230523190211@064817.bmp,masks\ch11_20230523180211_20230523190211@064817.bmp
images\ch11_20230523180211_20230523190211@065224.bmp,masks\ch11_20230523180211_20230523190211@065224.bmp
images\ch11_20230523180211_20230523190211@065239.bmp,masks\ch11_20230523180211_20230523190211@065239.bmp
images\ch11_20230523180211_20230523190211@065311.bmp,masks\ch11_20230523180211_20230523190211@065311.bmp
images\ch11_20230523180211_20230523190211@065313.bmp,masks\ch11_20230523180211_20230523190211@065313.bmp
images\ch11_20230523180211_20230523190211@065430.bmp,masks\ch11_20230523180211_20230523190211@065430.bmp
images\ch11_20230523180211_20230523190211@065539.bmp,masks\ch11_20230523180211_20230523190211@065539.bmp
images\ch11_20230523180211_20230523190211@065843.bmp,masks\ch11_20230523180211_20230523190211@065843.bmp
images\ch11_20230523180211_20230523190211@065986.bmp,masks\ch11_20230523180211_20230523190211@065986.bmp
images\ch11_20230523180211_20230523190211@066283.bmp,masks\ch11_20230523180211_20230523190211@066283.bmp
images\ch11_20230523180211_20230523190211@066598.bmp,masks\ch11_20230523180211_20230523190211@066598.bmp
images\ch11_20230523180211_20230523190211@067017.bmp,masks\ch11_20230523180211_20230523190211@067017.bmp
images\ch11_20230523180211_20230523190211@072844.bmp,masks\ch11_20230523180211_20230523190211@072844.bmp
images\ch11_20230523180211_20230523190211@074886.bmp,masks\ch11_20230523180211_20230523190211@074886.bmp
images\ch11_20230523180211_20230523190211@076737.bmp,masks\ch11_20230523180211_20230523190211@076737.bmp
images\ch12_20221228193446_20221228203446@000740.bmp,masks\ch12_20221228193446_20221228203446@000740.bmp
images\ch12_20221228193446_20221228203446@004258.bmp,masks\ch12_20221228193446_20221228203446@004258.bmp
images\ch12_20221228193446_20221228203446@004998.bmp,masks\ch12_20221228193446_20221228203446@004998.bmp
images\ch12_20221228193446_20221228203446@005015.bmp,masks\ch12_20221228193446_20221228203446@005015.bmp
images\ch12_20221228193446_20221228203446@006353.bmp,masks\ch12_20221228193446_20221228203446@006353.bmp
images\ch12_20221228193446_20221228203446@007590.bmp,masks\ch12_20221228193446_20221228203446@007590.bmp
images\ch12_20221228193446_20221228203446@007960.bmp,masks\ch12_20221228193446_20221228203446@007960.bmp
images\ch12_20221228193446_20221228203446@010552.bmp,masks\ch12_20221228193446_20221228203446@010552.bmp
images\ch12_20221228193446_20221228203446@011848.bmp,masks\ch12_20221228193446_20221228203446@011848.bmp
images\ch12_20221228193446_20221228203446@012589.bmp,masks\ch12_20221228193446_20221228203446@012589.bmp
images\ch12_20221228193446_20221228203446@013902.bmp,masks\ch12_20221228193446_20221228203446@013902.bmp
images\ch12_20221228193446_20221228203446@016291.bmp,masks\ch12_20221228193446_20221228203446@016291.bmp
images\ch12_20221228193446_20221228203446@019809.bmp,masks\ch12_20221228193446_20221228203446@019809.bmp
images\ch12_20221228193446_20221228203446@024085.bmp,masks\ch12_20221228193446_20221228203446@024085.bmp
images\ch12_20221228193446_20221228203446@024252.bmp,masks\ch12_20221228193446_20221228203446@024252.bmp
images\ch12_20221228193446_20221228203446@024992.bmp,masks\ch12_20221228193446_20221228203446@024992.bmp
images\ch12_20221228193446_20221228203446@025733.bmp,masks\ch12_20221228193446_20221228203446@025733.bmp
images\ch12_20221228193446_20221228203446@027399.bmp,masks\ch12_20221228193446_20221228203446@027399.bmp
images\ch12_20221228193446_20221228203446@027955.bmp,masks\ch12_20221228193446_20221228203446@027955.bmp
images\ch12_20221228193446_20221228203446@028889.bmp,masks\ch12_20221228193446_20221228203446@028889.bmp
images\ch12_20221228193446_20221228203446@029992.bmp,masks\ch12_20221228193446_20221228203446@029992.bmp
images\ch12_20221228193446_20221228203446@032048.bmp,masks\ch12_20221228193446_20221228203446@032048.bmp
images\ch12_20221228193446_20221228203446@032398.bmp,masks\ch12_20221228193446_20221228203446@032398.bmp
images\ch12_20221228193446_20221228203446@035360.bmp,masks\ch12_20221228193446_20221228203446@035360.bmp
images\ch12_20221228193446_20221228203446@036100.bmp,masks\ch12_20221228193446_20221228203446@036100.bmp
images\ch12_20221228193446_20221228203446@037211.bmp,masks\ch12_20221228193446_20221228203446@037211.bmp
images\ch12_20221228193446_20221228203446@041654.bmp,masks\ch12_20221228193446_20221228203446@041654.bmp
images\ch12_20221228193446_20221228203446@047393.bmp,masks\ch12_20221228193446_20221228203446@047393.bmp
images\ch12_20221228193446_20221228203446@050264.bmp,masks\ch12_20221228193446_20221228203446@050264.bmp
images\ch12_20221228193446_20221228203446@053503.bmp,masks\ch12_20221228193446_20221228203446@053503.bmp
images\ch12_20221228193446_20221228203446@056835.bmp,masks\ch12_20221228193446_20221228203446@056835.bmp
images\ch12_20221228193446_20221228203446@059057.bmp,masks\ch12_20221228193446_20221228203446@059057.bmp
images\ch12_20221228193446_20221228203446@059983.bmp,masks\ch12_20221228193446_20221228203446@059983.bmp
images\ch12_20221228193446_20221228203446@060540.bmp,masks\ch12_20221228193446_20221228203446@060540.bmp
images\ch12_20221228193446_20221228203446@060908.bmp,masks\ch12_20221228193446_20221228203446@060908.bmp
images\ch12_20221228193446_20221228203446@061093.bmp,masks\ch12_20221228193446_20221228203446@061093.bmp
images\ch12_20221228193446_20221228203446@061448.bmp,masks\ch12_20221228193446_20221228203446@061448.bmp
images\ch12_20221228193446_20221228203446@062317.bmp,masks\ch12_20221228193446_20221228203446@062317.bmp
images\ch12_20221228193446_20221228203446@062759.bmp,masks\ch12_20221228193446_20221228203446@062759.bmp
images\ch12_20221228193446_20221228203446@064241.bmp,masks\ch12_20221228193446_20221228203446@064241.bmp
images\ch12_20221228193446_20221228203446@065351.bmp,masks\ch12_20221228193446_20221228203446@065351.bmp
images\ch12_20221228193446_20221228203446@067942.bmp,masks\ch12_20221228193446_20221228203446@067942.bmp
images\ch12_20221228193446_20221228203446@072201.bmp,masks\ch12_20221228193446_20221228203446@072201.bmp
images\ch12_20221228193446_20221228203446@073867.bmp,masks\ch12_20221228193446_20221228203446@073867.bmp
images\ch12_20221228193446_20221228203446@076616.bmp,masks\ch12_20221228193446_20221228203446@076616.bmp
images\ch12_20221228193446_20221228203446@080162.bmp,masks\ch12_20221228193446_20221228203446@080162.bmp
images\ch12_20221228193446_20221228203446@082939.bmp,masks\ch12_20221228193446_20221228203446@082939.bmp
images\ch12_20221228193446_20221228203446@084790.bmp,masks\ch12_20221228193446_20221228203446@084790.bmp
images\ch12_20221228193446_20221228203446@086086.bmp,masks\ch12_20221228193446_20221228203446@086086.bmp
images\ch12_20221228193446_20221228203446@089233.bmp,masks\ch12_20221228193446_20221228203446@089233.bmp
images\ch12_20221228193446_20221228203446@096083.bmp,masks\ch12_20221228193446_20221228203446@096083.bmp
images\ch12_20221228193446_20221228203446@117189.bmp,masks\ch12_20221228193446_20221228203446@117189.bmp
images\ch12_20221228193446_20221228203446@131613.bmp,masks\ch12_20221228193446_20221228203446@131613.bmp
images\ch12_20221228193446_20221228203446@134406.bmp,masks\ch12_20221228193446_20221228203446@134406.bmp
images\ch12_20221228213446_20221228223446_@005277.bmp,masks\ch12_20221228213446_20221228223446_@005277.bmp
images\ch12_20221228213446_20221228223446_@007777.bmp,masks\ch12_20221228213446_20221228223446_@007777.bmp
images\ch12_20221228213446_20221228223446_@016943.bmp,masks\ch12_20221228213446_20221228223446_@016943.bmp
images\ch12_20221228213446_20221228223446_@018795.bmp,masks\ch12_20221228213446_20221228223446_@018795.bmp
images\ch12_20221228213446_20221228223446_@021295.bmp,masks\ch12_20221228213446_20221228223446_@021295.bmp
images\ch12_20221228213446_20221228223446_@021665.bmp,masks\ch12_20221228213446_20221228223446_@021665.bmp
images\ch12_20221228213446_20221228223446_@022036.bmp,masks\ch12_20221228213446_20221228223446_@022036.bmp
images\ch12_20221228213446_20221228223446_@043702.bmp,masks\ch12_20221228213446_20221228223446_@043702.bmp
images\ch12_20221228213446_20221228223446_@046016.bmp,masks\ch12_20221228213446_20221228223446_@046016.bmp
images\ch12_20221228213446_20221228223446_@047961.bmp,masks\ch12_20221228213446_20221228223446_@047961.bmp
images\ch12_20221228213446_20221228223446_@048516.bmp,masks\ch12_20221228213446_20221228223446_@048516.bmp
images\ch12_20230523180211_20230523190211@000370.bmp,masks\ch12_20230523180211_20230523190211@000370.bmp
images\ch12_20230523180211_20230523190211@000648.bmp,masks\ch12_20230523180211_20230523190211@000648.bmp
images\ch12_20230523180211_20230523190211@001388.bmp,masks\ch12_20230523180211_20230523190211@001388.bmp
images\ch12_20230523180211_20230523190211@001666.bmp,masks\ch12_20230523180211_20230523190211@001666.bmp
images\ch12_20230523180211_20230523190211@003055.bmp,masks\ch12_20230523180211_20230523190211@003055.bmp
images\ch12_20230523180211_20230523190211@005740.bmp,masks\ch12_20230523180211_20230523190211@005740.bmp
images\ch12_20230523180211_20230523190211@006388.bmp,masks\ch12_20230523180211_20230523190211@006388.bmp
images\ch12_20230523180211_20230523190211@006759.bmp,masks\ch12_20230523180211_20230523190211@006759.bmp
images\ch12_20230523180211_20230523190211@006892.bmp,masks\ch12_20230523180211_20230523190211@006892.bmp
images\ch12_20230523180211_20230523190211@007036.bmp,masks\ch12_20230523180211_20230523190211@007036.bmp
images\ch12_20230523180211_20230523190211@007226.bmp,masks\ch12_20230523180211_20230523190211@007226.bmp
images\ch12_20230523180211_20230523190211@007699.bmp,masks\ch12_20230523180211_20230523190211@007699.bmp
images\ch12_20230523180211_20230523190211@008703.bmp,masks\ch12_20230523180211_20230523190211@008703.bmp
images\ch12_20230523180211_20230523190211@019073.bmp,masks\ch12_20230523180211_20230523190211@019073.bmp
images\ch12_20230523180211_20230523190211@019259.bmp,masks\ch12_20230523180211_20230523190211@019259.bmp
images\ch12_20230523180211_20230523190211@022303.bmp,masks\ch12_20230523180211_20230523190211@022303.bmp
images\ch12_20230523180211_20230523190211@022415.bmp,masks\ch12_20230523180211_20230523190211@022415.bmp
images\ch12_20230523180211_20230523190211@022508.bmp,masks\ch12_20230523180211_20230523190211@022508.bmp
images\ch12_20230523180211_20230523190211@024166.bmp,masks\ch12_20230523180211_20230523190211@024166.bmp
images\ch12_20230523180211_20230523190211@025462.bmp,masks\ch12_20230523180211_20230523190211@025462.bmp
images\ch12_20230523180211_20230523190211@028795.bmp,masks\ch12_20230523180211_20230523190211@028795.bmp
images\ch12_20230523180211_20230523190211@035184.bmp,masks\ch12_20230523180211_20230523190211@035184.bmp
images\ch12_20230523180211_20230523190211@044721.bmp,masks\ch12_20230523180211_20230523190211@044721.bmp
images\ch12_20230523180211_20230523190211@054155.bmp,masks\ch12_20230523180211_20230523190211@054155.bmp
images\ch12_20230523180211_20230523190211@056017.bmp,masks\ch12_20230523180211_20230523190211@056017.bmp
images\ch12_20230523180211_20230523190211@056273.bmp,masks\ch12_20230523180211_20230523190211@056273.bmp
images\ch12_20230523180211_20230523190211@057869.bmp,masks\ch12_20230523180211_20230523190211@057869.bmp
images\ch12_20230523180211_20230523190211@059816.bmp,masks\ch12_20230523180211_20230523190211@059816.bmp
images\ch12_20230523180211_20230523190211@060364.bmp,masks\ch12_20230523180211_20230523190211@060364.bmp
images\ch12_20230523180211_20230523190211@060740.bmp,masks\ch12_20230523180211_20230523190211@060740.bmp
images\ch13_20221228193446_20221228203446@003887.bmp,masks\ch13_20221228193446_20221228203446@003887.bmp
images\ch13_20221228193446_20221228203446@004443.bmp,masks\ch13_20221228193446_20221228203446@004443.bmp
images\ch13_20221228193446_20221228203446@009812.bmp,masks\ch13_20221228193446_20221228203446@009812.bmp
images\ch13_20221228193446_20221228203446@012033.bmp,masks\ch13_20221228193446_20221228203446@012033.bmp
images\ch13_20221228193446_20221228203446@019438.bmp,masks\ch13_20221228193446_20221228203446@019438.bmp
images\ch13_20221228193446_20221228203446@026103.bmp,masks\ch13_20221228193446_20221228203446@026103.bmp
images\ch13_20221228193446_20221228203446@028510.bmp,masks\ch13_20221228193446_20221228203446@028510.bmp
images\ch13_20221228193446_20221228203446@034990.bmp,masks\ch13_20221228193446_20221228203446@034990.bmp
images\ch13_20221228193446_20221228203446@038137.bmp,masks\ch13_20221228193446_20221228203446@038137.bmp
images\ch13_20221228193446_20221228203446@046838.bmp,masks\ch13_20221228193446_20221228203446@046838.bmp
images\ch13_20221228193446_20221228203446@052392.bmp,masks\ch13_20221228193446_20221228203446@052392.bmp
images\ch13_20221228193446_20221228203446@058687.bmp,masks\ch13_20221228193446_20221228203446@058687.bmp
images\ch13_20221228193446_20221228203446@059612.bmp,masks\ch13_20221228193446_20221228203446@059612.bmp
images\ch13_20221228193446_20221228203446@062945.bmp,masks\ch13_20221228193446_20221228203446@062945.bmp
images\ch13_20221228193446_20221228203446@074793.bmp,masks\ch13_20221228193446_20221228203446@074793.bmp
images\ch13_20221228193446_20221228203446@077385.bmp,masks\ch13_20221228193446_20221228203446@077385.bmp
images\ch13_20221228193446_20221228203446@079792.bmp,masks\ch13_20221228193446_20221228203446@079792.bmp
images\ch13_20221228193446_20221228203446@087938.bmp,masks\ch13_20221228193446_20221228203446@087938.bmp
images\ch13_20221228193446_20221228203446@089233.bmp,masks\ch13_20221228193446_20221228203446@089233.bmp
images\ch13_20221228193446_20221228203446@106451.bmp,masks\ch13_20221228193446_20221228203446@106451.bmp
images\ch13_20221229153446_20221229163446_@003796.bmp,masks\ch13_20221229153446_20221229163446_@003796.bmp
images\ch13_20221229153446_20221229163446_@035184.bmp,masks\ch13_20221229153446_20221229163446_@035184.bmp
images\ch13_20221229153446_20221229163446_@039720.bmp,masks\ch13_20221229153446_20221229163446_@039720.bmp
images\ch13_20221229153446_20221229163446_@041572.bmp,masks\ch13_20221229153446_20221229163446_@041572.bmp
images\ch13_20221229153446_20221229163446_@042035.bmp,masks\ch13_20221229153446_20221229163446_@042035.bmp
images\ch13_20221229153446_20221229163446_@042961.bmp,masks\ch13_20221229153446_20221229163446_@042961.bmp
images\ch13_20221229153446_20221229163446_@051387.bmp,masks\ch13_20221229153446_20221229163446_@051387.bmp
images\ch13_20221229153446_20221229163446_@053238.bmp,masks\ch13_20221229153446_20221229163446_@053238.bmp
images\ch13_20221229153446_20221229163446_@055275.bmp,masks\ch13_20221229153446_20221229163446_@055275.bmp
images\ch13_20221229153446_20221229163446_@061569.bmp,masks\ch13_20221229153446_20221229163446_@061569.bmp
images\ch13_20221229153446_20221229163446_@067962.bmp,masks\ch13_20221229153446_20221229163446_@067962.bmp
images\ch13_20221229153446_20221229163446_@070368.bmp,masks\ch13_20221229153446_20221229163446_@070368.bmp
images\ch13_20221229153446_20221229163446_@075090.bmp,masks\ch13_20221229153446_20221229163446_@075090.bmp
images\ch15_20221228193446_20221228203446@004813.bmp,masks\ch15_20221228193446_20221228203446@004813.bmp
images\ch15_20221228193446_20221228203446@005183.bmp,masks\ch15_20221228193446_20221228203446@005183.bmp
images\ch15_20221228193446_20221228203446@006664.bmp,masks\ch15_20221228193446_20221228203446@006664.bmp
images\ch15_20221228193446_20221228203446@007960.bmp,masks\ch15_20221228193446_20221228203446@007960.bmp
images\ch15_20221228193446_20221228203446@014440.bmp,masks\ch15_20221228193446_20221228203446@014440.bmp
images\ch15_20221228193446_20221228203446@016291.bmp,masks\ch15_20221228193446_20221228203446@016291.bmp
images\ch15_20221228193446_20221228203446@020364.bmp,masks\ch15_20221228193446_20221228203446@020364.bmp
images\ch15_20221228193446_20221228203446@028140.bmp,masks\ch15_20221228193446_20221228203446@028140.bmp
images\ch15_20221228193446_20221228203446@037951.bmp,masks\ch15_20221228193446_20221228203446@037951.bmp
images\ch15_20221228193446_20221228203446@049800.bmp,masks\ch15_20221228193446_20221228203446@049800.bmp
images\ch15_20221228193446_20221228203446@056650.bmp,masks\ch15_20221228193446_20221228203446@056650.bmp
images\ch15_20221228193446_20221228203446@071460.bmp,masks\ch15_20221228193446_20221228203446@071460.bmp
images\ch15_20221228193446_20221228203446@084790.bmp,masks\ch15_20221228193446_20221228203446@084790.bmp
images\ch15_20221228193446_20221228203446@098860.bmp,masks\ch15_20221228193446_20221228203446@098860.bmp
images\ch15_20221228193446_20221228203446@102933.bmp,masks\ch15_20221228193446_20221228203446@102933.bmp
images\ch15_20221229153446_20221229163446_@021659.bmp,masks\ch15_20221229153446_20221229163446_@021659.bmp
images\ch15_20221229153446_20221229163446_@024344.bmp,masks\ch15_20221229153446_20221229163446_@024344.bmp
images\ch15_20221229153446_20221229163446_@025547.bmp,masks\ch15_20221229153446_20221229163446_@025547.bmp
images\ch15_20221229153446_20221229163446_@026010.bmp,masks\ch15_20221229153446_20221229163446_@026010.bmp
images\ch15_20221229153446_20221229163446_@026565.bmp,masks\ch15_20221229153446_20221229163446_@026565.bmp
images\ch15_20221229153446_20221229163446_@026750.bmp,masks\ch15_20221229153446_20221229163446_@026750.bmp
images\ch15_20221229153446_20221229163446_@027028.bmp,masks\ch15_20221229153446_20221229163446_@027028.bmp
images\ch15_20221229153446_20221229163446_@030453.bmp,masks\ch15_20221229153446_20221229163446_@030453.bmp
images\ch15_20221229153446_20221229163446_@030823.bmp,masks\ch15_20221229153446_20221229163446_@030823.bmp
images\ch15_20221229153446_20221229163446_@031101.bmp,masks\ch15_20221229153446_20221229163446_@031101.bmp
images\ch15_20221229153446_20221229163446_@032489.bmp,masks\ch15_20221229153446_20221229163446_@032489.bmp
images\ch15_20221229153446_20221229163446_@033230.bmp,masks\ch15_20221229153446_20221229163446_@033230.bmp
images\ch15_20221229153446_20221229163446_@041376.bmp,masks\ch15_20221229153446_20221229163446_@041376.bmp
images\ch15_20221229153446_20221229163446_@061925.bmp,masks\ch15_20221229153446_20221229163446_@061925.bmp
images\ch15_20221229153446_20221229163446_@079789.bmp,masks\ch15_20221229153446_20221229163446_@079789.bmp
images\ch16_20221228193446_20221228203446@012592.bmp,masks\ch16_20221228193446_20221228203446@012592.bmp
images\ch16_20221228193446_20221228203446@016296.bmp,masks\ch16_20221228193446_20221228203446@016296.bmp
images\ch16_20221228193446_20221228203446@019814.bmp,masks\ch16_20221228193446_20221228203446@019814.bmp
images\ch16_20221228193446_20221228203446@026110.bmp,masks\ch16_20221228193446_20221228203446@026110.bmp
images\ch16_20221228193446_20221228203446@035184.bmp,masks\ch16_20221228193446_20221228203446@035184.bmp
images\ch16_20221228193446_20221228203446@056666.bmp,masks\ch16_20221228193446_20221228203446@056666.bmp
images\ch16_20221228193446_20221228203446@061110.bmp,masks\ch16_20221228193446_20221228203446@061110.bmp
images\ch16_20221228193446_20221228203446@071295.bmp,masks\ch16_20221228193446_20221228203446@071295.bmp
images\ch16_20221228193446_20221228203446@084258.bmp,masks\ch16_20221228193446_20221228203446@084258.bmp
images\ch16_20221228193446_20221228203446@093158.bmp,masks\ch16_20221228193446_20221228203446@093158.bmp
images\ch16_20221228193446_20221228203446@106110.bmp,masks\ch16_20221228193446_20221228203446@106110.bmp
images\ch16_20221228193446_20221228203446@117036.bmp,masks\ch16_20221228193446_20221228203446@117036.bmp
images\ch16_20221228193446_20221228203446@124088.bmp,masks\ch16_20221228193446_20221228203446@124088.bmp
images\ch16_20221228193446_20221228203446@139999.bmp,masks\ch16_20221228193446_20221228203446@139999.bmp
images\ch16_20221228193446_20221228203446@145184.bmp,masks\ch16_20221228193446_20221228203446@145184.bmp
images\ch16_20221228193446_20221228203446@158888.bmp,masks\ch16_20221228193446_20221228203446@158888.bmp
images\ch16_20221228193446_20221228203446_@001574.bmp,masks\ch16_20221228193446_20221228203446_@001574.bmp
images\ch16_20221228193446_20221228203446_@002407.bmp,masks\ch16_20221228193446_20221228203446_@002407.bmp
images\ch16_20221228193446_20221228203446_@002592.bmp,masks\ch16_20221228193446_20221228203446_@002592.bmp
images\ch16_20221228193446_20221228203446_@006759.bmp,masks\ch16_20221228193446_20221228203446_@006759.bmp
images\ch16_20221228193446_20221228203446_@008055.bmp,masks\ch16_20221228193446_20221228203446_@008055.bmp
images\ch16_20221228193446_20221228203446_@008796.bmp,masks\ch16_20221228193446_20221228203446_@008796.bmp
images\ch16_20221228193446_20221228203446_@011758.bmp,masks\ch16_20221228193446_20221228203446_@011758.bmp
images\ch16_20221228193446_20221228203446_@014721.bmp,masks\ch16_20221228193446_20221228203446_@014721.bmp
images\ch16_20221228193446_20221228203446_@023425.bmp,masks\ch16_20221228193446_20221228203446_@023425.bmp
images\ch16_20221228193446_20221228203446_@024443.bmp,masks\ch16_20221228193446_20221228203446_@024443.bmp
images\ch16_20221228193446_20221228203446_@032406.bmp,masks\ch16_20221228193446_20221228203446_@032406.bmp
images\ch16_20221228193446_20221228203446_@033980.bmp,masks\ch16_20221228193446_20221228203446_@033980.bmp
images\ch16_20221228193446_20221228203446_@084904.bmp,masks\ch16_20221228193446_20221228203446_@084904.bmp
images\ch16_20221229153446_20221229163446_@000000.bmp,masks\ch16_20221229153446_20221229163446_@000000.bmp
images\ch16_20221229153446_20221229163446_@000370.bmp,masks\ch16_20221229153446_20221229163446_@000370.bmp
images\ch16_20221229153446_20221229163446_@008888.bmp,masks\ch16_20221229153446_20221229163446_@008888.bmp
images\ch16_20221229153446_20221229163446_@023147.bmp,masks\ch16_20221229153446_20221229163446_@023147.bmp
images\ch16_20221229153446_20221229163446_@024721.bmp,masks\ch16_20221229153446_20221229163446_@024721.bmp
images\ch16_20221229153446_20221229163446_@032128.bmp,masks\ch16_20221229153446_20221229163446_@032128.bmp
images\ch16_20221229153446_20221229163446_@040276.bmp,masks\ch16_20221229153446_20221229163446_@040276.bmp
images\ch16_20221229153446_20221229163446_@043424.bmp,masks\ch16_20221229153446_20221229163446_@043424.bmp
images\ch16_20221229153446_20221229163446_@045461.bmp,masks\ch16_20221229153446_20221229163446_@045461.bmp
images\ch16_20221229153446_20221229163446_@052683.bmp,masks\ch16_20221229153446_20221229163446_@052683.bmp
images\ch16_20221229153446_20221229163446_@067034.bmp,masks\ch16_20221229153446_20221229163446_@067034.bmp
images\ch16_20221229153446_20221229163446_@070460.bmp,masks\ch16_20221229153446_20221229163446_@070460.bmp
images\ch16_20221229153446_20221229163446_@070830.bmp,masks\ch16_20221229153446_20221229163446_@070830.bmp
images\ch16_20221229153446_20221229163446_@071386.bmp,masks\ch16_20221229153446_20221229163446_@071386.bmp
images\ch16_20221229153446_20221229163446_@073608.bmp,masks\ch16_20221229153446_20221229163446_@073608.bmp
images\ch16_20221229153446_20221229163446_@083978.bmp,masks\ch16_20221229153446_20221229163446_@083978.bmp
images\ch16_20221229153446_20221229163446_@084719.bmp,masks\ch16_20221229153446_20221229163446_@084719.bmp
images\ch16_20221229153446_20221229163446_@085460.bmp,masks\ch16_20221229153446_20221229163446_@085460.bmp
images\ch16_20221229163446_20221229173446_@003518.bmp,masks\ch16_20221229163446_20221229173446_@003518.bmp
images\ch16_20221229163446_20221229173446_@004166.bmp,masks\ch16_20221229163446_20221229173446_@004166.bmp
images\ch16_20221229163446_20221229173446_@005185.bmp,masks\ch16_20221229163446_20221229173446_@005185.bmp
images\ch16_20221229163446_20221229173446_@009629.bmp,masks\ch16_20221229163446_20221229173446_@009629.bmp
images\ch16_20221229163446_20221229173446_@021480.bmp,masks\ch16_20221229163446_20221229173446_@021480.bmp
images\ch16_20221229163446_20221229173446_@022684.bmp,masks\ch16_20221229163446_20221229173446_@022684.bmp
images\ch1_20221228193446_20221228203446@004442.bmp,masks\ch1_20221228193446_20221228203446@004442.bmp
images\ch1_20221228193446_20221228203446@006294.bmp,masks\ch1_20221228193446_20221228203446@006294.bmp
images\ch1_20221228193446_20221228203446@009989.bmp,masks\ch1_20221228193446_20221228203446@009989.bmp
images\ch1_20221228193446_20221228203446@027214.bmp,masks\ch1_20221228193446_20221228203446@027214.bmp
images\ch1_20221228193446_20221228203446@030361.bmp,masks\ch1_20221228193446_20221228203446@030361.bmp
images\ch1_20221228193446_20221228203446@034249.bmp,masks\ch1_20221228193446_20221228203446@034249.bmp
images\ch1_20221228193446_20221228203446@038507.bmp,masks\ch1_20221228193446_20221228203446@038507.bmp
images\ch1_20221228193446_20221228203446@045357.bmp,masks\ch1_20221228193446_20221228203446@045357.bmp
images\ch1_20221228193446_20221228203446@046283.bmp,masks\ch1_20221228193446_20221228203446@046283.bmp
images\ch1_20221228193446_20221228203446@047949.bmp,masks\ch1_20221228193446_20221228203446@047949.bmp
images\ch1_20221228193446_20221228203446@054614.bmp,masks\ch1_20221228193446_20221228203446@054614.bmp
images\ch1_20221228193446_20221228203446@071090.bmp,masks\ch1_20221228193446_20221228203446@071090.bmp
images\ch1_20221228193446_20221228203446@076089.bmp,masks\ch1_20221228193446_20221228203446@076089.bmp
images\ch1_20221228193446_20221228203446@079085.bmp,masks\ch1_20221228193446_20221228203446@079085.bmp
images\ch1_20221228193446_20221228203446@080532.bmp,masks\ch1_20221228193446_20221228203446@080532.bmp
images\ch1_20221228193446_20221228203446@084235.bmp,masks\ch1_20221228193446_20221228203446@084235.bmp
images\ch1_20221228193446_20221228203446@099601.bmp,masks\ch1_20221228193446_20221228203446@099601.bmp
images\ch1_20221228193446_20221228203446@122960.bmp,masks\ch1_20221228193446_20221228203446@122960.bmp
images\ch1_20221228193446_20221228203446@125895.bmp,masks\ch1_20221228193446_20221228203446@125895.bmp
images\ch1_20221228193446_20221228203446@135732.bmp,masks\ch1_20221228193446_20221228203446@135732.bmp
images\ch1_20221228193446_20221228203446@147789.bmp,masks\ch1_20221228193446_20221228203446@147789.bmp
images\ch1_20221228193446_20221228203446@150509.bmp,masks\ch1_20221228193446_20221228203446@150509.bmp
images\ch1_20221228193446_20221228203446@153104.bmp,masks\ch1_20221228193446_20221228203446@153104.bmp
images\ch1_20221229013446_20221229023446_@003610.bmp,masks\ch1_20221229013446_20221229023446_@003610.bmp
images\ch1_20221229013446_20221229023446_@018883.bmp,masks\ch1_20221229013446_20221229023446_@018883.bmp
images\ch1_20221229013446_20221229023446_@021382.bmp,masks\ch1_20221229013446_20221229023446_@021382.bmp
images\ch1_20221229013446_20221229023446_@022122.bmp,masks\ch1_20221229013446_20221229023446_@022122.bmp
images\ch1_20221229013446_20221229023446_@023604.bmp,masks\ch1_20221229013446_20221229023446_@023604.bmp
images\ch1_20221229013446_20221229023446_@024251.bmp,masks\ch1_20221229013446_20221229023446_@024251.bmp
images\ch1_20221229013446_20221229023446_@026936.bmp,masks\ch1_20221229013446_20221229023446_@026936.bmp
images\ch1_20221229013446_20221229023446_@027676.bmp,masks\ch1_20221229013446_20221229023446_@027676.bmp
images\ch1_20221229013446_20221229023446_@029250.bmp,masks\ch1_20221229013446_20221229023446_@029250.bmp
images\ch1_20221229013446_20221229023446_@029898.bmp,masks\ch1_20221229013446_20221229023446_@029898.bmp
images\ch1_20221229013446_20221229023446_@030546.bmp,masks\ch1_20221229013446_20221229023446_@030546.bmp
images\ch1_20221229013446_20221229023446_@030916.bmp,masks\ch1_20221229013446_20221229023446_@030916.bmp
images\ch1_20221229013446_20221229023446_@033323.bmp,masks\ch1_20221229013446_20221229023446_@033323.bmp
images\ch1_20221229013446_20221229023446_@041561.bmp,masks\ch1_20221229013446_20221229023446_@041561.bmp
images\ch1_20230228192817_20230228202817@001577.bmp,masks\ch1_20230228192817_20230228202817@001577.bmp
images\ch1_20230228192817_20230228202817@003007.bmp,masks\ch1_20230228192817_20230228202817@003007.bmp
images\ch1_20230228192817_20230228202817@007619.bmp,masks\ch1_20230228192817_20230228202817@007619.bmp
images\ch1_20230228192817_20230228202817@009802.bmp,masks\ch1_20230228192817_20230228202817@009802.bmp
images\ch1_20230228192817_20230228202817@010421.bmp,masks\ch1_20230228192817_20230228202817@010421.bmp
images\ch1_20230228192817_20230228202817@046804.bmp,masks\ch1_20230228192817_20230228202817@046804.bmp
images\ch1_20230228192817_20230228202817@047301.bmp,masks\ch1_20230228192817_20230228202817@047301.bmp
images\ch1_20230228192817_20230228202817@051152.bmp,masks\ch1_20230228192817_20230228202817@051152.bmp
images\ch1_20230228192817_20230228202817@058438.bmp,masks\ch1_20230228192817_20230228202817@058438.bmp
images\ch1_20230228192817_20230228202817@063111.bmp,masks\ch1_20230228192817_20230228202817@063111.bmp
images\ch1_20230228192817_20230228202817@066024.bmp,masks\ch1_20230228192817_20230228202817@066024.bmp
images\ch1_20230228192817_20230228202817@075297.bmp,masks\ch1_20230228192817_20230228202817@075297.bmp
images\ch1_20230309202847_20230309212847@000030.bmp,masks\ch1_20230309202847_20230309212847@000030.bmp
images\ch1_20230309202847_20230309212847@000049.bmp,masks\ch1_20230309202847_20230309212847@000049.bmp
images\ch1_20230309202847_20230309212847@000227.bmp,masks\ch1_20230309202847_20230309212847@000227.bmp
images\ch1_20230309202847_20230309212847@003888.bmp,masks\ch1_20230309202847_20230309212847@003888.bmp
images\ch1_20230309202847_20230309212847@005092.bmp,masks\ch1_20230309202847_20230309212847@005092.bmp
images\ch1_20230309202847_20230309212847@005370.bmp,masks\ch1_20230309202847_20230309212847@005370.bmp
images\ch1_20230309202847_20230309212847@006197.bmp,masks\ch1_20230309202847_20230309212847@006197.bmp
images\ch1_20230309202847_20230309212847@006958.bmp,masks\ch1_20230309202847_20230309212847@006958.bmp
images\ch1_20230309202847_20230309212847@008518.bmp,masks\ch1_20230309202847_20230309212847@008518.bmp
images\ch1_20230309202847_20230309212847@008632.bmp,masks\ch1_20230309202847_20230309212847@008632.bmp
images\ch1_20230309202847_20230309212847@009076.bmp,masks\ch1_20230309202847_20230309212847@009076.bmp
images\ch1_20230309202847_20230309212847@010844.bmp,masks\ch1_20230309202847_20230309212847@010844.bmp
images\ch1_20230309202847_20230309212847@011296.bmp,masks\ch1_20230309202847_20230309212847@011296.bmp
images\ch1_20230309202847_20230309212847@013527.bmp,masks\ch1_20230309202847_20230309212847@013527.bmp
images\ch1_20230309202847_20230309212847@013981.bmp,masks\ch1_20230309202847_20230309212847@013981.bmp
images\ch1_20230309202847_20230309212847@015461.bmp,masks\ch1_20230309202847_20230309212847@015461.bmp
images\ch1_20230309202847_20230309212847@015655.bmp,masks\ch1_20230309202847_20230309212847@015655.bmp
images\ch1_20230309202847_20230309212847@016287.bmp,masks\ch1_20230309202847_20230309212847@016287.bmp
images\ch1_20230309202847_20230309212847@016327.bmp,masks\ch1_20230309202847_20230309212847@016327.bmp
images\ch1_20230309202847_20230309212847@016931.bmp,masks\ch1_20230309202847_20230309212847@016931.bmp
images\ch1_20230309202847_20230309212847@018238.bmp,masks\ch1_20230309202847_20230309212847@018238.bmp
images\ch1_20230309202847_20230309212847@018546.bmp,masks\ch1_20230309202847_20230309212847@018546.bmp
images\ch1_20230309202847_20230309212847@019056.bmp,masks\ch1_20230309202847_20230309212847@019056.bmp
images\ch1_20230309202847_20230309212847@019448.bmp,masks\ch1_20230309202847_20230309212847@019448.bmp
images\ch1_20230309202847_20230309212847@019535.bmp,masks\ch1_20230309202847_20230309212847@019535.bmp
images\ch1_20230309202847_20230309212847@019745.bmp,masks\ch1_20230309202847_20230309212847@019745.bmp
images\ch1_20230309202847_20230309212847@019937.bmp,masks\ch1_20230309202847_20230309212847@019937.bmp
images\ch1_20230309202847_20230309212847@020277.bmp,masks\ch1_20230309202847_20230309212847@020277.bmp
images\ch1_20230309202847_20230309212847@021864.bmp,masks\ch1_20230309202847_20230309212847@021864.bmp
images\ch1_20230309202847_20230309212847@022684.bmp,masks\ch1_20230309202847_20230309212847@022684.bmp
images\ch1_20230309202847_20230309212847@023610.bmp,masks\ch1_20230309202847_20230309212847@023610.bmp
images\ch1_20230309202847_20230309212847@026944.bmp,masks\ch1_20230309202847_20230309212847@026944.bmp
images\ch1_20230309202847_20230309212847@028055.bmp,masks\ch1_20230309202847_20230309212847@028055.bmp
images\ch1_20230309202847_20230309212847@032221.bmp,masks\ch1_20230309202847_20230309212847@032221.bmp
images\ch1_20230309202847_20230309212847@042962.bmp,masks\ch1_20230309202847_20230309212847@042962.bmp
images\ch1_20230309202847_20230309212847@066851.bmp,masks\ch1_20230309202847_20230309212847@066851.bmp
images\ch1_20230309202847_20230309212847@077776.bmp,masks\ch1_20230309202847_20230309212847@077776.bmp
images\ch1_20230309202847_20230309212847@078795.bmp,masks\ch1_20230309202847_20230309212847@078795.bmp
images\ch1_20230309202847_20230309212847@085647.bmp,masks\ch1_20230309202847_20230309212847@085647.bmp
images\ch1_20230309202847_20230309212847@086940.bmp,masks\ch1_20230309202847_20230309212847@086940.bmp
images\ch1_20230309202847_20230309212847@087499.bmp,masks\ch1_20230309202847_20230309212847@087499.bmp
images\ch1_20230523180211_20230523190211@000520.bmp,masks\ch1_20230523180211_20230523190211@000520.bmp
images\ch1_20230523180211_20230523190211@001003.bmp,masks\ch1_20230523180211_20230523190211@001003.bmp
images\ch1_20230523180211_20230523190211@001582.bmp,masks\ch1_20230523180211_20230523190211@001582.bmp
images\ch1_20230523180211_20230523190211@003702.bmp,masks\ch1_20230523180211_20230523190211@003702.bmp
images\ch1_20230523180211_20230523190211@004918.bmp,masks\ch1_20230523180211_20230523190211@004918.bmp
images\ch1_20230523180211_20230523190211@004922.bmp,masks\ch1_20230523180211_20230523190211@004922.bmp
images\ch1_20230523180211_20230523190211@005115.bmp,masks\ch1_20230523180211_20230523190211@005115.bmp
images\ch1_20230523180211_20230523190211@005198.bmp,masks\ch1_20230523180211_20230523190211@005198.bmp
images\ch1_20230523180211_20230523190211@005739.bmp,masks\ch1_20230523180211_20230523190211@005739.bmp
images\ch1_20230523180211_20230523190211@006525.bmp,masks\ch1_20230523180211_20230523190211@006525.bmp
images\ch1_20230523180211_20230523190211@006585.bmp,masks\ch1_20230523180211_20230523190211@006585.bmp
images\ch1_20230523180211_20230523190211@006928.bmp,masks\ch1_20230523180211_20230523190211@006928.bmp
images\ch1_20230523180211_20230523190211@006959.bmp,masks\ch1_20230523180211_20230523190211@006959.bmp
images\ch1_20230523180211_20230523190211@007130.bmp,masks\ch1_20230523180211_20230523190211@007130.bmp
images\ch1_20230523180211_20230523190211@010415.bmp,masks\ch1_20230523180211_20230523190211@010415.bmp
images\ch1_20230523180211_20230523190211@010642.bmp,masks\ch1_20230523180211_20230523190211@010642.bmp
images\ch1_20230523180211_20230523190211@010740.bmp,masks\ch1_20230523180211_20230523190211@010740.bmp
images\ch1_20230523180211_20230523190211@012725.bmp,masks\ch1_20230523180211_20230523190211@012725.bmp
images\ch1_20230523180211_20230523190211@013150.bmp,masks\ch1_20230523180211_20230523190211@013150.bmp
images\ch1_20230523180211_20230523190211@013611.bmp,masks\ch1_20230523180211_20230523190211@013611.bmp
images\ch1_20230523180211_20230523190211@014163.bmp,masks\ch1_20230523180211_20230523190211@014163.bmp
images\ch2_20221228193446_20221228203446@007592.bmp,masks\ch2_20221228193446_20221228203446@007592.bmp
images\ch2_20221228193446_20221228203446@014988.bmp,masks\ch2_20221228193446_20221228203446@014988.bmp
images\ch2_20221228193446_20221228203446@014999.bmp,masks\ch2_20221228193446_20221228203446@014999.bmp
images\ch2_20221228193446_20221228203446@015555.bmp,masks\ch2_20221228193446_20221228203446@015555.bmp
images\ch2_20221228193446_20221228203446@016851.bmp,masks\ch2_20221228193446_20221228203446@016851.bmp
images\ch2_20221228193446_20221228203446@018333.bmp,masks\ch2_20221228193446_20221228203446@018333.bmp
images\ch2_20221228193446_20221228203446@019999.bmp,masks\ch2_20221228193446_20221228203446@019999.bmp
images\ch2_20221228193446_20221228203446@020587.bmp,masks\ch2_20221228193446_20221228203446@020587.bmp
images\ch2_20221228193446_20221228203446@022960.bmp,masks\ch2_20221228193446_20221228203446@022960.bmp
images\ch2_20221228193446_20221228203446@037036.bmp,masks\ch2_20221228193446_20221228203446@037036.bmp
images\ch2_20221228193446_20221228203446@045158.bmp,masks\ch2_20221228193446_20221228203446@045158.bmp
images\ch2_20221228193446_20221228203446@049447.bmp,masks\ch2_20221228193446_20221228203446@049447.bmp
images\ch2_20221228193446_20221228203446@051296.bmp,masks\ch2_20221228193446_20221228203446@051296.bmp
images\ch2_20221228193446_20221228203446@054995.bmp,masks\ch2_20221228193446_20221228203446@054995.bmp
images\ch2_20221228193446_20221228203446@058703.bmp,masks\ch2_20221228193446_20221228203446@058703.bmp
images\ch2_20221228193446_20221228203446@059444.bmp,masks\ch2_20221228193446_20221228203446@059444.bmp
images\ch2_20221228193446_20221228203446@064814.bmp,masks\ch2_20221228193446_20221228203446@064814.bmp
images\ch2_20221228193446_20221228203446@072962.bmp,masks\ch2_20221228193446_20221228203446@072962.bmp
images\ch2_20221228193446_20221228203446@075555.bmp,masks\ch2_20221228193446_20221228203446@075555.bmp
images\ch2_20221228193446_20221228203446@083888.bmp,masks\ch2_20221228193446_20221228203446@083888.bmp
images\ch2_20221228193446_20221228203446@097036.bmp,masks\ch2_20221228193446_20221228203446@097036.bmp
images\ch2_20221228193446_20221228203446@107455.bmp,masks\ch2_20221228193446_20221228203446@107455.bmp
images\ch2_20221228193446_20221228203446@108717.bmp,masks\ch2_20221228193446_20221228203446@108717.bmp
images\ch2_20221228193446_20221228203446@113703.bmp,masks\ch2_20221228193446_20221228203446@113703.bmp
images\ch2_20221228193446_20221228203446@156665.bmp,masks\ch2_20221228193446_20221228203446@156665.bmp
images\ch2_20221228193446_20221228203446@160744.bmp,masks\ch2_20221228193446_20221228203446@160744.bmp
images\ch2_20221229073446_20221229083446_@001481.bmp,masks\ch2_20221229073446_20221229083446_@001481.bmp
images\ch2_20221229073446_20221229083446_@003518.bmp,masks\ch2_20221229073446_20221229083446_@003518.bmp
images\ch2_20221229073446_20221229083446_@004259.bmp,masks\ch2_20221229073446_20221229083446_@004259.bmp
images\ch2_20221229073446_20221229083446_@007221.bmp,masks\ch2_20221229073446_20221229083446_@007221.bmp
images\ch2_20221229073446_20221229083446_@007499.bmp,masks\ch2_20221229073446_20221229083446_@007499.bmp
images\ch2_20221229073446_20221229083446_@009721.bmp,masks\ch2_20221229073446_20221229083446_@009721.bmp
images\ch2_20221229073446_20221229083446_@014166.bmp,masks\ch2_20221229073446_20221229083446_@014166.bmp
images\ch2_20221229073446_20221229083446_@020647.bmp,masks\ch2_20221229073446_20221229083446_@020647.bmp
images\ch2_20221229073446_20221229083446_@030091.bmp,masks\ch2_20221229073446_20221229083446_@030091.bmp
images\ch2_20221229073446_20221229083446_@031295.bmp,masks\ch2_20221229073446_20221229083446_@031295.bmp
images\ch2_20221229073446_20221229083446_@032221.bmp,masks\ch2_20221229073446_20221229083446_@032221.bmp
images\ch2_20221229073446_20221229083446_@035554.bmp,masks\ch2_20221229073446_20221229083446_@035554.bmp
images\ch2_20221229073446_20221229083446_@041943.bmp,masks\ch2_20221229073446_20221229083446_@041943.bmp
images\ch2_20221229073446_20221229083446_@047683.bmp,masks\ch2_20221229073446_20221229083446_@047683.bmp
images\ch2_20221229073446_20221229083446_@051294.bmp,masks\ch2_20221229073446_20221229083446_@051294.bmp
images\ch2_20221229073446_20221229083446_@059442.bmp,masks\ch2_20221229073446_20221229083446_@059442.bmp
images\ch2_20221229073446_20221229083446_@062775.bmp,masks\ch2_20221229073446_20221229083446_@062775.bmp
images\ch2_20221229073446_20221229083446_@074997.bmp,masks\ch2_20221229073446_20221229083446_@074997.bmp
images\ch2_20230228192817_20230228202817@001677.bmp,masks\ch2_20230228192817_20230228202817@001677.bmp
images\ch2_20230228192817_20230228202817@002046.bmp,masks\ch2_20230228192817_20230228202817@002046.bmp
images\ch2_20230228192817_20230228202817@005465.bmp,masks\ch2_20230228192817_20230228202817@005465.bmp
images\ch2_20230228192817_20230228202817@022769.bmp,masks\ch2_20230228192817_20230228202817@022769.bmp
images\ch2_20230228192817_20230228202817@023131.bmp,masks\ch2_20230228192817_20230228202817@023131.bmp
images\ch2_20230228192817_20230228202817@025932.bmp,masks\ch2_20230228192817_20230228202817@025932.bmp
images\ch2_20230228192817_20230228202817@034415.bmp,masks\ch2_20230228192817_20230228202817@034415.bmp
images\ch2_20230228192817_20230228202817@040530.bmp,masks\ch2_20230228192817_20230228202817@040530.bmp
images\ch2_20230228192817_20230228202817@047406.bmp,masks\ch2_20230228192817_20230228202817@047406.bmp
images\ch2_20230228192817_20230228202817@048489.bmp,masks\ch2_20230228192817_20230228202817@048489.bmp
images\ch2_20230228192817_20230228202817@057872.bmp,masks\ch2_20230228192817_20230228202817@057872.bmp
images\ch2_20230228192817_20230228202817@069089.bmp,masks\ch2_20230228192817_20230228202817@069089.bmp
images\ch2_20230228192817_20230228202817@069632.bmp,masks\ch2_20230228192817_20230228202817@069632.bmp
images\ch2_20230228192817_20230228202817@069639.bmp,masks\ch2_20230228192817_20230228202817@069639.bmp
images\ch2_20230228192817_20230228202817@074906.bmp,masks\ch2_20230228192817_20230228202817@074906.bmp
images\ch2_20230228192817_20230228202817@075879.bmp,masks\ch2_20230228192817_20230228202817@075879.bmp
images\ch2_20230228192817_20230228202817@077130.bmp,masks\ch2_20230228192817_20230228202817@077130.bmp
images\ch2_20230228192817_20230228202817@080813.bmp,masks\ch2_20230228192817_20230228202817@080813.bmp
images\ch2_20230309202847_20230309212847@002962.bmp,masks\ch2_20230309202847_20230309212847@002962.bmp
images\ch2_20230309202847_20230309212847@007777.bmp,masks\ch2_20230309202847_20230309212847@007777.bmp
images\ch2_20230309202847_20230309212847@010277.bmp,masks\ch2_20230309202847_20230309212847@010277.bmp
images\ch2_20230309202847_20230309212847@016973.bmp,masks\ch2_20230309202847_20230309212847@016973.bmp
images\ch2_20230309202847_20230309212847@017962.bmp,masks\ch2_20230309202847_20230309212847@017962.bmp
images\ch2_20230309202847_20230309212847@022399.bmp,masks\ch2_20230309202847_20230309212847@022399.bmp
images\ch2_20230309202847_20230309212847@022412.bmp,masks\ch2_20230309202847_20230309212847@022412.bmp
images\ch2_20230309202847_20230309212847@022592.bmp,masks\ch2_20230309202847_20230309212847@022592.bmp
images\ch2_20230309202847_20230309212847@026110.bmp,masks\ch2_20230309202847_20230309212847@026110.bmp
images\ch2_20230309202847_20230309212847@032051.bmp,masks\ch2_20230309202847_20230309212847@032051.bmp
images\ch2_20230309202847_20230309212847@032407.bmp,masks\ch2_20230309202847_20230309212847@032407.bmp
images\ch2_20230309202847_20230309212847@033795.bmp,masks\ch2_20230309202847_20230309212847@033795.bmp
images\ch2_20230309202847_20230309212847@035534.bmp,masks\ch2_20230309202847_20230309212847@035534.bmp
images\ch2_20230309202847_20230309212847@053050.bmp,masks\ch2_20230309202847_20230309212847@053050.bmp
images\ch2_20230309202847_20230309212847@054073.bmp,masks\ch2_20230309202847_20230309212847@054073.bmp
images\ch2_20230309202847_20230309212847@054349.bmp,masks\ch2_20230309202847_20230309212847@054349.bmp
images\ch2_20230523180211_20230523190211@000030.bmp,masks\ch2_20230523180211_20230523190211@000030.bmp
images\ch2_20230523180211_20230523190211@000192.bmp,masks\ch2_20230523180211_20230523190211@000192.bmp
images\ch2_20230523180211_20230523190211@001481.bmp,masks\ch2_20230523180211_20230523190211@001481.bmp
images\ch2_20230523180211_20230523190211@001876.bmp,masks\ch2_20230523180211_20230523190211@001876.bmp
images\ch2_20230523180211_20230523190211@002322.bmp,masks\ch2_20230523180211_20230523190211@002322.bmp
images\ch2_20230523180211_20230523190211@003063.bmp,masks\ch2_20230523180211_20230523190211@003063.bmp
images\ch3_20221228193446_20221228203446@001851.bmp,masks\ch3_20221228193446_20221228203446@001851.bmp
images\ch3_20221228193446_20221228203446@004998.bmp,masks\ch3_20221228193446_20221228203446@004998.bmp
images\ch3_20221228193446_20221228203446@010737.bmp,masks\ch3_20221228193446_20221228203446@010737.bmp
images\ch3_20221228193446_20221228203446@017402.bmp,masks\ch3_20221228193446_20221228203446@017402.bmp
images\ch3_20221228193446_20221228203446@026844.bmp,masks\ch3_20221228193446_20221228203446@026844.bmp
images\ch3_20221228193446_20221228203446@029436.bmp,masks\ch3_20221228193446_20221228203446@029436.bmp
images\ch3_20221228193446_20221228203446@029991.bmp,masks\ch3_20221228193446_20221228203446@029991.bmp
images\ch3_20221228193446_20221228203446@035545.bmp,masks\ch3_20221228193446_20221228203446@035545.bmp
images\ch3_20221228193446_20221228203446@038137.bmp,masks\ch3_20221228193446_20221228203446@038137.bmp
images\ch3_20221228193446_20221228203446@054799.bmp,masks\ch3_20221228193446_20221228203446@054799.bmp
images\ch3_20221228193446_20221228203446@069054.bmp,masks\ch3_20221228193446_20221228203446@069054.bmp
images\ch3_20221228193446_20221228203446@075163.bmp,masks\ch3_20221228193446_20221228203446@075163.bmp
images\ch3_20221228193446_20221228203446@079792.bmp,masks\ch3_20221228193446_20221228203446@079792.bmp
images\ch3_20221228193446_20221228203446@086456.bmp,masks\ch3_20221228193446_20221228203446@086456.bmp
images\ch3_20221228193446_20221228203446@091640.bmp,masks\ch3_20221228193446_20221228203446@091640.bmp
images\ch3_20221228193446_20221228203446@113116.bmp,masks\ch3_20221228193446_20221228203446@113116.bmp
images\ch3_20221228193446_20221228203446@118299.bmp,masks\ch3_20221228193446_20221228203446@118299.bmp
images\ch3_20221229073446_20221229083446_@004722.bmp,masks\ch3_20221229073446_20221229083446_@004722.bmp
images\ch3_20221229073446_20221229083446_@009721.bmp,masks\ch3_20221229073446_20221229083446_@009721.bmp
images\ch3_20221229073446_20221229083446_@010925.bmp,masks\ch3_20221229073446_20221229083446_@010925.bmp
images\ch3_20221229073446_20221229083446_@032776.bmp,masks\ch3_20221229073446_20221229083446_@032776.bmp
images\ch3_20221229073446_20221229083446_@034059.bmp,masks\ch3_20221229073446_20221229083446_@034059.bmp
images\ch3_20221229073446_20221229083446_@051850.bmp,masks\ch3_20221229073446_20221229083446_@051850.bmp
images\ch3_20221229073446_20221229083446_@052035.bmp,masks\ch3_20221229073446_20221229083446_@052035.bmp
images\ch3_20221229073446_20221229083446_@052127.bmp,masks\ch3_20221229073446_20221229083446_@052127.bmp
images\ch3_20221229073446_20221229083446_@052405.bmp,masks\ch3_20221229073446_20221229083446_@052405.bmp
images\ch3_20221229073446_20221229083446_@052590.bmp,masks\ch3_20221229073446_20221229083446_@052590.bmp
images\ch3_20221229073446_20221229083446_@053701.bmp,masks\ch3_20221229073446_20221229083446_@053701.bmp
images\ch3_20221229073446_20221229083446_@053794.bmp,masks\ch3_20221229073446_20221229083446_@053794.bmp
images\ch3_20221229073446_20221229083446_@054164.bmp,masks\ch3_20221229073446_20221229083446_@054164.bmp
images\ch3_20221229073446_20221229083446_@054350.bmp,masks\ch3_20221229073446_20221229083446_@054350.bmp
images\ch3_20221229073446_20221229083446_@062960.bmp,masks\ch3_20221229073446_20221229083446_@062960.bmp
images\ch3_20221229073446_20221229083446_@085274.bmp,masks\ch3_20221229073446_20221229083446_@085274.bmp
images\ch3_20221229073446_20221229083446_@085552.bmp,masks\ch3_20221229073446_20221229083446_@085552.bmp
images\ch3_20230228192817_20230228202817@000401.bmp,masks\ch3_20230228192817_20230228202817@000401.bmp
images\ch3_20230228192817_20230228202817@002088.bmp,masks\ch3_20230228192817_20230228202817@002088.bmp
images\ch3_20230228192817_20230228202817@003425.bmp,masks\ch3_20230228192817_20230228202817@003425.bmp
images\ch3_20230228192817_20230228202817@004304.bmp,masks\ch3_20230228192817_20230228202817@004304.bmp
images\ch3_20230228192817_20230228202817@005598.bmp,masks\ch3_20230228192817_20230228202817@005598.bmp
images\ch3_20230228192817_20230228202817@005829.bmp,masks\ch3_20230228192817_20230228202817@005829.bmp
images\ch3_20230228192817_20230228202817@007399.bmp,masks\ch3_20230228192817_20230228202817@007399.bmp
images\ch3_20230228192817_20230228202817@010391.bmp,masks\ch3_20230228192817_20230228202817@010391.bmp
images\ch3_20230228192817_20230228202817@012215.bmp,masks\ch3_20230228192817_20230228202817@012215.bmp
images\ch3_20230228192817_20230228202817@015646.bmp,masks\ch3_20230228192817_20230228202817@015646.bmp
images\ch3_20230228192817_20230228202817@022990.bmp,masks\ch3_20230228192817_20230228202817@022990.bmp
images\ch3_20230228192817_20230228202817@031593.bmp,masks\ch3_20230228192817_20230228202817@031593.bmp
images\ch3_20230228192817_20230228202817@031683.bmp,masks\ch3_20230228192817_20230228202817@031683.bmp
images\ch3_20230228192817_20230228202817@035136.bmp,masks\ch3_20230228192817_20230228202817@035136.bmp
images\ch3_20230228192817_20230228202817@035166.bmp,masks\ch3_20230228192817_20230228202817@035166.bmp
images\ch3_20230228192817_20230228202817@038251.bmp,masks\ch3_20230228192817_20230228202817@038251.bmp
images\ch3_20230228192817_20230228202817@044846.bmp,masks\ch3_20230228192817_20230228202817@044846.bmp
images\ch3_20230228192817_20230228202817@048874.bmp,masks\ch3_20230228192817_20230228202817@048874.bmp
images\ch3_20230228192817_20230228202817@049563.bmp,masks\ch3_20230228192817_20230228202817@049563.bmp
images\ch3_20230228192817_20230228202817@050406.bmp,masks\ch3_20230228192817_20230228202817@050406.bmp
images\ch3_20230228192817_20230228202817@050880.bmp,masks\ch3_20230228192817_20230228202817@050880.bmp
images\ch3_20230228192817_20230228202817@084706.bmp,masks\ch3_20230228192817_20230228202817@084706.bmp
images\ch3_20230228192817_20230228202817@085592.bmp,masks\ch3_20230228192817_20230228202817@085592.bmp
images\ch3_20230228192817_20230228202817@086342.bmp,masks\ch3_20230228192817_20230228202817@086342.bmp
images\ch3_20230228192817_20230228202817@089333.bmp,masks\ch3_20230228192817_20230228202817@089333.bmp
images\ch3_20230309202847_20230309212847@001759.bmp,masks\ch3_20230309202847_20230309212847@001759.bmp
images\ch3_20230309202847_20230309212847@018514.bmp,masks\ch3_20230309202847_20230309212847@018514.bmp
images\ch3_20230309202847_20230309212847@020833.bmp,masks\ch3_20230309202847_20230309212847@020833.bmp
images\ch3_20230309202847_20230309212847@021942.bmp,masks\ch3_20230309202847_20230309212847@021942.bmp
images\ch3_20230309202847_20230309212847@022054.bmp,masks\ch3_20230309202847_20230309212847@022054.bmp
images\ch3_20230309202847_20230309212847@022222.bmp,masks\ch3_20230309202847_20230309212847@022222.bmp
images\ch3_20230309202847_20230309212847@024164.bmp,masks\ch3_20230309202847_20230309212847@024164.bmp
images\ch3_20230309202847_20230309212847@029107.bmp,masks\ch3_20230309202847_20230309212847@029107.bmp
images\ch3_20230309202847_20230309212847@029816.bmp,masks\ch3_20230309202847_20230309212847@029816.bmp
images\ch3_20230309202847_20230309212847@031486.bmp,masks\ch3_20230309202847_20230309212847@031486.bmp
images\ch3_20230309202847_20230309212847@034629.bmp,masks\ch3_20230309202847_20230309212847@034629.bmp
images\ch3_20230309202847_20230309212847@035464.bmp,masks\ch3_20230309202847_20230309212847@035464.bmp
images\ch3_20230309202847_20230309212847@075591.bmp,masks\ch3_20230309202847_20230309212847@075591.bmp
images\ch3_20230309202847_20230309212847@077692.bmp,masks\ch3_20230309202847_20230309212847@077692.bmp
images\ch3_20230309202847_20230309212847@077878.bmp,masks\ch3_20230309202847_20230309212847@077878.bmp
images\ch3_20230309202847_20230309212847@077961.bmp,masks\ch3_20230309202847_20230309212847@077961.bmp
images\ch3_20230309202847_20230309212847@078222.bmp,masks\ch3_20230309202847_20230309212847@078222.bmp
images\ch3_20230309202847_20230309212847@078497.bmp,masks\ch3_20230309202847_20230309212847@078497.bmp
images\ch4_20230309202847_20230309212847@000092.bmp,masks\ch4_20230309202847_20230309212847@000092.bmp
images\ch4_20230309202847_20230309212847@000191.bmp,masks\ch4_20230309202847_20230309212847@000191.bmp
images\ch4_20230309202847_20230309212847@000732.bmp,masks\ch4_20230309202847_20230309212847@000732.bmp
images\ch4_20230309202847_20230309212847@000921.bmp,masks\ch4_20230309202847_20230309212847@000921.bmp
images\ch4_20230309202847_20230309212847@009817.bmp,masks\ch4_20230309202847_20230309212847@009817.bmp
images\ch4_20230309202847_20230309212847@010000.bmp,masks\ch4_20230309202847_20230309212847@010000.bmp
images\ch4_20230309202847_20230309212847@010275.bmp,masks\ch4_20230309202847_20230309212847@010275.bmp
images\ch4_20230309202847_20230309212847@010553.bmp,masks\ch4_20230309202847_20230309212847@010553.bmp
images\ch4_20230309202847_20230309212847@013149.bmp,masks\ch4_20230309202847_20230309212847@013149.bmp
images\ch4_20230309202847_20230309212847@013704.bmp,masks\ch4_20230309202847_20230309212847@013704.bmp
images\ch4_20230309202847_20230309212847@014074.bmp,masks\ch4_20230309202847_20230309212847@014074.bmp
images\ch5_20221228193446_20221228203446@001296.bmp,masks\ch5_20221228193446_20221228203446@001296.bmp
images\ch5_20221228193446_20221228203446@003333.bmp,masks\ch5_20221228193446_20221228203446@003333.bmp
images\ch5_20221228193446_20221228203446@006851.bmp,masks\ch5_20221228193446_20221228203446@006851.bmp
images\ch5_20221228193446_20221228203446@007962.bmp,masks\ch5_20221228193446_20221228203446@007962.bmp
images\ch5_20221228193446_20221228203446@009259.bmp,masks\ch5_20221228193446_20221228203446@009259.bmp
images\ch5_20221228193446_20221228203446@011666.bmp,masks\ch5_20221228193446_20221228203446@011666.bmp
images\ch5_20221228193446_20221228203446@012592.bmp,masks\ch5_20221228193446_20221228203446@012592.bmp
images\ch5_20221228193446_20221228203446@015187.bmp,masks\ch5_20221228193446_20221228203446@015187.bmp
images\ch5_20221228193446_20221228203446@016666.bmp,masks\ch5_20221228193446_20221228203446@016666.bmp
images\ch5_20221228193446_20221228203446@018888.bmp,masks\ch5_20221228193446_20221228203446@018888.bmp
images\ch5_20221228193446_20221228203446@022407.bmp,masks\ch5_20221228193446_20221228203446@022407.bmp
images\ch5_20221228193446_20221228203446@025184.bmp,masks\ch5_20221228193446_20221228203446@025184.bmp
images\ch5_20221228193446_20221228203446@029258.bmp,masks\ch5_20221228193446_20221228203446@029258.bmp
images\ch5_20221228193446_20221228203446@037557.bmp,masks\ch5_20221228193446_20221228203446@037557.bmp
images\ch5_20221228193446_20221228203446@037592.bmp,masks\ch5_20221228193446_20221228203446@037592.bmp
images\ch5_20221228193446_20221228203446@039261.bmp,masks\ch5_20221228193446_20221228203446@039261.bmp
images\ch5_20221228193446_20221228203446@045740.bmp,masks\ch5_20221228193446_20221228203446@045740.bmp
images\ch5_20221228193446_20221228203446@047406.bmp,masks\ch5_20221228193446_20221228203446@047406.bmp
images\ch5_20221228193446_20221228203446@049443.bmp,masks\ch5_20221228193446_20221228203446@049443.bmp
images\ch5_20221228193446_20221228203446@050554.bmp,masks\ch5_20221228193446_20221228203446@050554.bmp
images\ch5_20221228193446_20221228203446@057036.bmp,masks\ch5_20221228193446_20221228203446@057036.bmp
images\ch5_20221228193446_20221228203446@061110.bmp,masks\ch5_20221228193446_20221228203446@061110.bmp
images\ch5_20221228193446_20221228203446@067591.bmp,masks\ch5_20221228193446_20221228203446@067591.bmp
images\ch5_20221228193446_20221228203446@074813.bmp,masks\ch5_20221228193446_20221228203446@074813.bmp
images\ch5_20221228193446_20221228203446@076665.bmp,masks\ch5_20221228193446_20221228203446@076665.bmp
images\ch5_20221228193446_20221228203446@078888.bmp,masks\ch5_20221228193446_20221228203446@078888.bmp
images\ch5_20221228193446_20221228203446@088147.bmp,masks\ch5_20221228193446_20221228203446@088147.bmp
images\ch5_20221228193446_20221228203446@090738.bmp,masks\ch5_20221228193446_20221228203446@090738.bmp
images\ch5_20221228193446_20221228203446@141136.bmp,masks\ch5_20221228193446_20221228203446@141136.bmp
images\ch5_20221228193446_20221228203446@155210.bmp,masks\ch5_20221228193446_20221228203446@155210.bmp
images\ch5_20221228233446_20221229003446_@001851.bmp,masks\ch5_20221228233446_20221229003446_@001851.bmp
images\ch5_20221228233446_20221229003446_@005740.bmp,masks\ch5_20221228233446_20221229003446_@005740.bmp
images\ch5_20221228233446_20221229003446_@013518.bmp,masks\ch5_20221228233446_20221229003446_@013518.bmp
images\ch5_20221228233446_20221229003446_@014999.bmp,masks\ch5_20221228233446_20221229003446_@014999.bmp
images\ch5_20221228233446_20221229003446_@015369.bmp,masks\ch5_20221228233446_20221229003446_@015369.bmp
images\ch5_20221228233446_20221229003446_@016480.bmp,masks\ch5_20221228233446_20221229003446_@016480.bmp
images\ch5_20221228233446_20221229003446_@016851.bmp,masks\ch5_20221228233446_20221229003446_@016851.bmp
images\ch5_20221228233446_20221229003446_@017962.bmp,masks\ch5_20221228233446_20221229003446_@017962.bmp
images\ch5_20221228233446_20221229003446_@018888.bmp,masks\ch5_20221228233446_20221229003446_@018888.bmp
images\ch5_20221228233446_20221229003446_@020184.bmp,masks\ch5_20221228233446_20221229003446_@020184.bmp
images\ch5_20221228233446_20221229003446_@023147.bmp,masks\ch5_20221228233446_20221229003446_@023147.bmp
images\ch5_20221228233446_20221229003446_@026480.bmp,masks\ch5_20221228233446_20221229003446_@026480.bmp
images\ch5_20221228233446_20221229003446_@027313.bmp,masks\ch5_20221228233446_20221229003446_@027313.bmp
images\ch5_20221228233446_20221229003446_@029906.bmp,masks\ch5_20221228233446_20221229003446_@029906.bmp
images\ch5_20221228233446_20221229003446_@032313.bmp,masks\ch5_20221228233446_20221229003446_@032313.bmp
images\ch5_20221228233446_20221229003446_@033609.bmp,masks\ch5_20221228233446_20221229003446_@033609.bmp
images\ch5_20230309202847_20230309212847@000024.bmp,masks\ch5_20230309202847_20230309212847@000024.bmp
images\ch5_20230309202847_20230309212847@002633.bmp,masks\ch5_20230309202847_20230309212847@002633.bmp
images\ch5_20230309202847_20230309212847@004081.bmp,masks\ch5_20230309202847_20230309212847@004081.bmp
images\ch5_20230309202847_20230309212847@006846.bmp,masks\ch5_20230309202847_20230309212847@006846.bmp
images\ch5_20230309202847_20230309212847@007036.bmp,masks\ch5_20230309202847_20230309212847@007036.bmp
images\ch5_20230309202847_20230309212847@007708.bmp,masks\ch5_20230309202847_20230309212847@007708.bmp
images\ch5_20230309202847_20230309212847@013615.bmp,masks\ch5_20230309202847_20230309212847@013615.bmp
images\ch5_20230309202847_20230309212847@021483.bmp,masks\ch5_20230309202847_20230309212847@021483.bmp
images\ch5_20230309202847_20230309212847@021765.bmp,masks\ch5_20230309202847_20230309212847@021765.bmp
images\ch5_20230309202847_20230309212847@022041.bmp,masks\ch5_20230309202847_20230309212847@022041.bmp
images\ch5_20230309202847_20230309212847@031295.bmp,masks\ch5_20230309202847_20230309212847@031295.bmp
images\ch5_20230309202847_20230309212847@037684.bmp,masks\ch5_20230309202847_20230309212847@037684.bmp
images\ch5_20230309202847_20230309212847@039814.bmp,masks\ch5_20230309202847_20230309212847@039814.bmp
images\ch5_20230309202847_20230309212847@040331.bmp,masks\ch5_20230309202847_20230309212847@040331.bmp
images\ch6_20221228193446_20221228203446@005555.bmp,masks\ch6_20221228193446_20221228203446@005555.bmp
images\ch6_20221228193446_20221228203446@007036.bmp,masks\ch6_20221228193446_20221228203446@007036.bmp
images\ch6_20221228193446_20221228203446@008333.bmp,masks\ch6_20221228193446_20221228203446@008333.bmp
images\ch6_20221228193446_20221228203446@008888.bmp,masks\ch6_20221228193446_20221228203446@008888.bmp
images\ch6_20221228193446_20221228203446@011684.bmp,masks\ch6_20221228193446_20221228203446@011684.bmp
images\ch6_20221228193446_20221228203446@013518.bmp,masks\ch6_20221228193446_20221228203446@013518.bmp
images\ch6_20221228193446_20221228203446@014814.bmp,masks\ch6_20221228193446_20221228203446@014814.bmp
images\ch6_20221228193446_20221228203446@021296.bmp,masks\ch6_20221228193446_20221228203446@021296.bmp
images\ch6_20221228193446_20221228203446@047985.bmp,masks\ch6_20221228193446_20221228203446@047985.bmp
images\ch6_20221228193446_20221228203446@050555.bmp,masks\ch6_20221228193446_20221228203446@050555.bmp
images\ch6_20221228193446_20221228203446@051858.bmp,masks\ch6_20221228193446_20221228203446@051858.bmp
images\ch6_20221228193446_20221228203446@053518.bmp,masks\ch6_20221228193446_20221228203446@053518.bmp
images\ch6_20221228193446_20221228203446@056110.bmp,masks\ch6_20221228193446_20221228203446@056110.bmp
images\ch6_20221228193446_20221228203446@056685.bmp,masks\ch6_20221228193446_20221228203446@056685.bmp
images\ch6_20221228193446_20221228203446@057592.bmp,masks\ch6_20221228193446_20221228203446@057592.bmp
images\ch6_20221228193446_20221228203446@058163.bmp,masks\ch6_20221228193446_20221228203446@058163.bmp
images\ch6_20221228193446_20221228203446@062592.bmp,masks\ch6_20221228193446_20221228203446@062592.bmp
images\ch6_20221228193446_20221228203446@068332.bmp,masks\ch6_20221228193446_20221228203446@068332.bmp
images\ch6_20221228193446_20221228203446@070555.bmp,masks\ch6_20221228193446_20221228203446@070555.bmp
images\ch6_20221228193446_20221228203446@074258.bmp,masks\ch6_20221228193446_20221228203446@074258.bmp
images\ch6_20221228193446_20221228203446@088156.bmp,masks\ch6_20221228193446_20221228203446@088156.bmp
images\ch6_20221228193446_20221228203446@089443.bmp,masks\ch6_20221228193446_20221228203446@089443.bmp
images\ch6_20221228193446_20221228203446@113538.bmp,masks\ch6_20221228193446_20221228203446@113538.bmp
images\ch6_20221228193446_20221228203446@115554.bmp,masks\ch6_20221228193446_20221228203446@115554.bmp
images\ch6_20221229083446_20221229093446_@002592.bmp,masks\ch6_20221229083446_20221229093446_@002592.bmp
images\ch6_20221229083446_20221229093446_@004351.bmp,masks\ch6_20221229083446_20221229093446_@004351.bmp
images\ch6_20221229083446_20221229093446_@006851.bmp,masks\ch6_20221229083446_20221229093446_@006851.bmp
images\ch6_20221229083446_20221229093446_@013795.bmp,masks\ch6_20221229083446_20221229093446_@013795.bmp
images\ch6_20221229083446_20221229093446_@013980.bmp,masks\ch6_20221229083446_20221229093446_@013980.bmp
images\ch6_20221229083446_20221229093446_@014536.bmp,masks\ch6_20221229083446_20221229093446_@014536.bmp
images\ch6_20221229083446_20221229093446_@016388.bmp,masks\ch6_20221229083446_20221229093446_@016388.bmp
images\ch6_20221229083446_20221229093446_@033610.bmp,masks\ch6_20221229083446_20221229093446_@033610.bmp
images\ch6_20221229083446_20221229093446_@033980.bmp,masks\ch6_20221229083446_20221229093446_@033980.bmp
images\ch6_20221229083446_20221229093446_@070091.bmp,masks\ch6_20221229083446_20221229093446_@070091.bmp
images\ch6_20230309202847_20230309212847@002870.bmp,masks\ch6_20230309202847_20230309212847@002870.bmp
images\ch6_20230309202847_20230309212847@004923.bmp,masks\ch6_20230309202847_20230309212847@004923.bmp
images\ch6_20230309202847_20230309212847@006574.bmp,masks\ch6_20230309202847_20230309212847@006574.bmp
images\ch6_20230309202847_20230309212847@009054.bmp,masks\ch6_20230309202847_20230309212847@009054.bmp
images\ch6_20230309202847_20230309212847@013610.bmp,masks\ch6_20230309202847_20230309212847@013610.bmp
images\ch6_20230309202847_20230309212847@016798.bmp,masks\ch6_20230309202847_20230309212847@016798.bmp
images\ch6_20230309202847_20230309212847@022314.bmp,masks\ch6_20230309202847_20230309212847@022314.bmp
images\ch7_20221228193446_20221228203446@011848.bmp,masks\ch7_20221228193446_20221228203446@011848.bmp
images\ch7_20221228193446_20221228203446@017402.bmp,masks\ch7_20221228193446_20221228203446@017402.bmp
images\ch7_20221228193446_20221228203446@023696.bmp,masks\ch7_20221228193446_20221228203446@023696.bmp
images\ch7_20221228193446_20221228203446@032583.bmp,masks\ch7_20221228193446_20221228203446@032583.bmp
images\ch7_20221228193446_20221228203446@033509.bmp,masks\ch7_20221228193446_20221228203446@033509.bmp
images\ch7_20221228193446_20221228203446@044802.bmp,masks\ch7_20221228193446_20221228203446@044802.bmp
images\ch7_20221228193446_20221228203446@055354.bmp,masks\ch7_20221228193446_20221228203446@055354.bmp
images\ch7_20221228193446_20221228203446@057946.bmp,masks\ch7_20221228193446_20221228203446@057946.bmp
images\ch7_20221228193446_20221228203446@074238.bmp,masks\ch7_20221228193446_20221228203446@074238.bmp
images\ch7_20221228193446_20221228203446@077940.bmp,masks\ch7_20221228193446_20221228203446@077940.bmp
images\ch7_20221228193446_20221228203446@084235.bmp,masks\ch7_20221228193446_20221228203446@084235.bmp
images\ch7_20221228193446_20221228203446@088308.bmp,masks\ch7_20221228193446_20221228203446@088308.bmp
images\ch7_20221228193446_20221228203446@091455.bmp,masks\ch7_20221228193446_20221228203446@091455.bmp
images\ch7_20221228193446_20221228203446@117003.bmp,masks\ch7_20221228193446_20221228203446@117003.bmp
images\ch7_20221228193446_20221228203446@122557.bmp,masks\ch7_20221228193446_20221228203446@122557.bmp
images\ch7_20221228193446_20221228203446@124409.bmp,masks\ch7_20221228193446_20221228203446@124409.bmp
images\ch7_20221228193446_20221228203446@139960.bmp,masks\ch7_20221228193446_20221228203446@139960.bmp
images\ch7_20221228193446_20221228203446_@000833.bmp,masks\ch7_20221228193446_20221228203446_@000833.bmp
images\ch7_20221228193446_20221228203446_@001203.bmp,masks\ch7_20221228193446_20221228203446_@001203.bmp
images\ch7_20221228193446_20221228203446_@008978.bmp,masks\ch7_20221228193446_20221228203446_@008978.bmp
images\ch7_20221228193446_20221228203446_@010274.bmp,masks\ch7_20221228193446_20221228203446_@010274.bmp
images\ch7_20221228193446_20221228203446_@012033.bmp,masks\ch7_20221228193446_20221228203446_@012033.bmp
images\ch7_20221228193446_20221228203446_@014254.bmp,masks\ch7_20221228193446_20221228203446_@014254.bmp
images\ch7_20221228193446_20221228203446_@022493.bmp,masks\ch7_20221228193446_20221228203446_@022493.bmp
images\ch7_20221228193446_20221228203446_@024992.bmp,masks\ch7_20221228193446_20221228203446_@024992.bmp
images\ch7_20221228193446_20221228203446_@025640.bmp,masks\ch7_20221228193446_20221228203446_@025640.bmp
images\ch7_20221228193446_20221228203446_@028972.bmp,masks\ch7_20221228193446_20221228203446_@028972.bmp
images\ch7_20221228193446_20221228203446_@030268.bmp,masks\ch7_20221228193446_20221228203446_@030268.bmp
images\ch7_20221228193446_20221228203446_@036470.bmp,masks\ch7_20221228193446_20221228203446_@036470.bmp
images\ch7_20221228193446_20221228203446_@038599.bmp,masks\ch7_20221228193446_20221228203446_@038599.bmp
images\ch7_20221228193446_20221228203446_@041838.bmp,masks\ch7_20221228193446_20221228203446_@041838.bmp
images\ch7_20221228193446_20221228203446_@046281.bmp,masks\ch7_20221228193446_20221228203446_@046281.bmp
images\ch7_20221228193446_20221228203446_@048133.bmp,masks\ch7_20221228193446_20221228203446_@048133.bmp
images\ch7_20221228193446_20221228203446_@055445.bmp,masks\ch7_20221228193446_20221228203446_@055445.bmp
images\ch7_20221228193446_20221228203446_@059703.bmp,masks\ch7_20221228193446_20221228203446_@059703.bmp
images\ch7_20221228193446_20221228203446_@061832.bmp,masks\ch7_20221228193446_20221228203446_@061832.bmp
images\ch7_20221228193446_20221228203446_@065072.bmp,masks\ch7_20221228193446_20221228203446_@065072.bmp
images\ch7_20221228193446_20221228203446_@068312.bmp,masks\ch7_20221228193446_20221228203446_@068312.bmp
images\ch7_20221228193446_20221228203446_@083770.bmp,masks\ch7_20221228193446_20221228203446_@083770.bmp
images\ch7_20221229033446_20221229043446_@004813.bmp,masks\ch7_20221229033446_20221229043446_@004813.bmp
images\ch7_20221229033446_20221229043446_@005461.bmp,masks\ch7_20221229033446_20221229043446_@005461.bmp
images\ch7_20221229033446_20221229043446_@010182.bmp,masks\ch7_20221229033446_20221229043446_@010182.bmp
images\ch7_20221229033446_20221229043446_@014810.bmp,masks\ch7_20221229033446_20221229043446_@014810.bmp
images\ch7_20221229033446_20221229043446_@017217.bmp,masks\ch7_20221229033446_20221229043446_@017217.bmp
images\ch7_20221229033446_20221229043446_@019253.bmp,masks\ch7_20221229033446_20221229043446_@019253.bmp
images\ch7_20221229033446_20221229043446_@056094.bmp,masks\ch7_20221229033446_20221229043446_@056094.bmp
images\ch7_20230309202847_20230309212847@000652.bmp,masks\ch7_20230309202847_20230309212847@000652.bmp
images\ch7_20230309202847_20230309212847@004170.bmp,masks\ch7_20230309202847_20230309212847@004170.bmp
images\ch7_20230309202847_20230309212847@004722.bmp,masks\ch7_20230309202847_20230309212847@004722.bmp
images\ch7_20230309202847_20230309212847@013090.bmp,masks\ch7_20230309202847_20230309212847@013090.bmp
images\ch7_20230309202847_20230309212847@019086.bmp,masks\ch7_20230309202847_20230309212847@019086.bmp
images\ch7_20230309202847_20230309212847@019814.bmp,masks\ch7_20230309202847_20230309212847@019814.bmp
images\ch7_20230309202847_20230309212847@021495.bmp,masks\ch7_20230309202847_20230309212847@021495.bmp
images\ch7_20230309202847_20230309212847@023610.bmp,masks\ch7_20230309202847_20230309212847@023610.bmp
images\ch7_20230309202847_20230309212847@032335.bmp,masks\ch7_20230309202847_20230309212847@032335.bmp
images\ch8_20221229103446_20221229113446_@040913.bmp,masks\ch8_20221229103446_20221229113446_@040913.bmp
images\ch8_20221229103446_20221229113446_@041098.bmp,masks\ch8_20221229103446_20221229113446_@041098.bmp
images\ch8_20221229103446_20221229113446_@041561.bmp,masks\ch8_20221229103446_20221229113446_@041561.bmp
images\ch8_20221229103446_20221229113446_@053316.bmp,masks\ch8_20221229103446_20221229113446_@053316.bmp
images\ch8_20221229103446_20221229113446_@086084.bmp,masks\ch8_20221229103446_20221229113446_@086084.bmp
images\ch8_20221229173446_20221229183446@000000.bmp,masks\ch8_20221229173446_20221229183446@000000.bmp
images\ch8_20221229173446_20221229183446@000058.bmp,masks\ch8_20221229173446_20221229183446@000058.bmp
images\ch8_20221229173446_20221229183446@000084.bmp,masks\ch8_20221229173446_20221229183446@000084.bmp
images\ch8_20221229173446_20221229183446@000110.bmp,masks\ch8_20221229173446_20221229183446@000110.bmp
images\ch8_20221229173446_20221229183446@000144.bmp,masks\ch8_20221229173446_20221229183446@000144.bmp
images\ch8_20221229173446_20221229183446@000186.bmp,masks\ch8_20221229173446_20221229183446@000186.bmp
images\ch8_20221229173446_20221229183446@001107.bmp,masks\ch8_20221229173446_20221229183446@001107.bmp
images\ch8_20221229173446_20221229183446@005283.bmp,masks\ch8_20221229173446_20221229183446@005283.bmp
images\ch8_20221229173446_20221229183446@012483.bmp,masks\ch8_20221229173446_20221229183446@012483.bmp
images\ch8_20221229173446_20221229183446@024815.bmp,masks\ch8_20221229173446_20221229183446@024815.bmp
images\ch8_20221229173446_20221229183446@029046.bmp,masks\ch8_20221229173446_20221229183446@029046.bmp
images\ch8_20221229173446_20221229183446@033488.bmp,masks\ch8_20221229173446_20221229183446@033488.bmp
images\ch8_20221229173446_20221229183446@034212.bmp,masks\ch8_20221229173446_20221229183446@034212.bmp
images\ch8_20230309202847_20230309212847@005555.bmp,masks\ch8_20230309202847_20230309212847@005555.bmp
images\ch8_20230309202847_20230309212847@007777.bmp,masks\ch8_20230309202847_20230309212847@007777.bmp
images\ch8_20230309202847_20230309212847@008073.bmp,masks\ch8_20230309202847_20230309212847@008073.bmp
images\ch8_20230309202847_20230309212847@010239.bmp,masks\ch8_20230309202847_20230309212847@010239.bmp
images\ch8_20230309202847_20230309212847@019079.bmp,masks\ch8_20230309202847_20230309212847@019079.bmp
images\ch8_20230309202847_20230309212847@049447.bmp,masks\ch8_20230309202847_20230309212847@049447.bmp
images\ch9_20221229133446_20221229143446_@087682.bmp,masks\ch9_20221229133446_20221229143446_@087682.bmp
images\ch9_20221229133446_20221229143446_@087960.bmp,masks\ch9_20221229133446_20221229143446_@087960.bmp
images\ch9_20221229133446_20221229143446_@088052.bmp,masks\ch9_20221229133446_20221229143446_@088052.bmp
images\ch9_20230228192817_20230228202817@004445.bmp,masks\ch9_20230228192817_20230228202817@004445.bmp
images\ch9_20230228192817_20230228202817@016300.bmp,masks\ch9_20230228192817_20230228202817@016300.bmp
images\ch9_20230228192817_20230228202817@017411.bmp,masks\ch9_20230228192817_20230228202817@017411.bmp
images\ch9_20230228192817_20230228202817@018338.bmp,masks\ch9_20230228192817_20230228202817@018338.bmp
images\ch9_20230228192817_20230228202817@020005.bmp,masks\ch9_20230228192817_20230228202817@020005.bmp
images\ch9_20230228192817_20230228202817@031487.bmp,masks\ch9_20230228192817_20230228202817@031487.bmp
images\ch9_20230228192817_20230228202817@032323.bmp,masks\ch9_20230228192817_20230228202817@032323.bmp
images\ch9_20230228192817_20230228202817@033343.bmp,masks\ch9_20230228192817_20230228202817@033343.bmp
images\ch9_20230228192817_20230228202817@033436.bmp,masks\ch9_20230228192817_20230228202817@033436.bmp
images\ch9_20230228192817_20230228202817@033819.bmp,masks\ch9_20230228192817_20230228202817@033819.bmp
images\ch9_20230228192817_20230228202817@034175.bmp,masks\ch9_20230228192817_20230228202817@034175.bmp
images\ch9_20230228192817_20230228202817@034916.bmp,masks\ch9_20230228192817_20230228202817@034916.bmp
images\ch9_20230228192817_20230228202817@035100.bmp,masks\ch9_20230228192817_20230228202817@035100.bmp
images\ch9_20230228192817_20230228202817@035639.bmp,masks\ch9_20230228192817_20230228202817@035639.bmp
images\ch9_20230228192817_20230228202817@035749.bmp,masks\ch9_20230228192817_20230228202817@035749.bmp
images\ch9_20230228192817_20230228202817@036327.bmp,masks\ch9_20230228192817_20230228202817@036327.bmp
images\ch9_20230228192817_20230228202817@036681.bmp,masks\ch9_20230228192817_20230228202817@036681.bmp
images\ch9_20230228192817_20230228202817@037233.bmp,masks\ch9_20230228192817_20230228202817@037233.bmp
images\ch9_20230228192817_20230228202817@039824.bmp,masks\ch9_20230228192817_20230228202817@039824.bmp
images\ch9_20230228192817_20230228202817@041399.bmp,masks\ch9_20230228192817_20230228202817@041399.bmp
images\ch9_20230228192817_20230228202817@041492.bmp,masks\ch9_20230228192817_20230228202817@041492.bmp
images\ch9_20230228192817_20230228202817@042973.bmp,masks\ch9_20230228192817_20230228202817@042973.bmp
images\ch9_20230228192817_20230228202817@044920.bmp,masks\ch9_20230228192817_20230228202817@044920.bmp
images\ch9_20230228192817_20230228202817@046771.bmp,masks\ch9_20230228192817_20230228202817@046771.bmp
images\ch9_20230228192817_20230228202817@055571.bmp,masks\ch9_20230228192817_20230228202817@055571.bmp
images\ch9_20230228192817_20230228202817@056403.bmp,masks\ch9_20230228192817_20230228202817@056403.bmp
images\ch9_20230228192817_20230228202817@058626.bmp,masks\ch9_20230228192817_20230228202817@058626.bmp
images\ch9_20230228192817_20230228202817@066222.bmp,masks\ch9_20230228192817_20230228202817@066222.bmp
images\ch9_20230228192817_20230228202817@066595.bmp,masks\ch9_20230228192817_20230228202817@066595.bmp
images\ch9_20230228192817_20230228202817@067887.bmp,masks\ch9_20230228192817_20230228202817@067887.bmp
images\ch9_20230228192817_20230228202817@068443.bmp,masks\ch9_20230228192817_20230228202817@068443.bmp
images\ch9_20230228192817_20230228202817@074648.bmp,masks\ch9_20230228192817_20230228202817@074648.bmp
images\ch9_20230228192817_20230228202817@076408.bmp,masks\ch9_20230228192817_20230228202817@076408.bmp
images\ch9_20230228192817_20230228202817@087151.bmp,masks\ch9_20230228192817_20230228202817@087151.bmp
images\ch9_20230309202847_20230309212847@000000.bmp,masks\ch9_20230309202847_20230309212847@000000.bmp
images\ch9_20230309202847_20230309212847@000462.bmp,masks\ch9_20230309202847_20230309212847@000462.bmp
images\ch9_20230309202847_20230309212847@003072.bmp,masks\ch9_20230309202847_20230309212847@003072.bmp
images\ch9_20230309202847_20230309212847@003333.bmp,masks\ch9_20230309202847_20230309212847@003333.bmp
images\ch9_20230309202847_20230309212847@005704.bmp,masks\ch9_20230309202847_20230309212847@005704.bmp
images\ch9_20230309202847_20230309212847@005927.bmp,masks\ch9_20230309202847_20230309212847@005927.bmp
images\ch9_20230309202847_20230309212847@008333.bmp,masks\ch9_20230309202847_20230309212847@008333.bmp
images\ch9_20230309202847_20230309212847@012140.bmp,masks\ch9_20230309202847_20230309212847@012140.bmp
images\ch9_20230309202847_20230309212847@017866.bmp,masks\ch9_20230309202847_20230309212847@017866.bmp
images\ch9_20230309202847_20230309212847@020740.bmp,masks\ch9_20230309202847_20230309212847@020740.bmp
images\ch9_20230309202847_20230309212847@021157.bmp,masks\ch9_20230309202847_20230309212847@021157.bmp
